id_student,code_module,code_presentation,end,id_assessment,assessment_type
386348,BBB,2013B,first,14986,TMA
395073,BBB,2013J,first,14998,TMA
440593,BBB,2013J,first,14999,TMA
371530,BBB,2013J,first,14999,TMA
466800,BBB,2013J,first,14999,TMA
497632,BBB,2013J,first,14999,TMA
491966,BBB,2013J,first,14999,TMA
491279,BBB,2013J,first,14999,TMA
478967,BBB,2013J,first,15000,TMA
522622,BBB,2013J,first,15000,TMA
609422,BBB,2014B,first,15010,TMA
265958,BBB,2014B,first,15010,TMA
613199,BBB,2014B,first,15010,TMA
556877,BBB,2014B,first,15016,CMA
252652,BBB,2014B,first,15017,CMA
547620,BBB,2013B,last,14986,TMA
544978,BBB,2013B,last,14986,TMA
552135,BBB,2013B,last,14986,TMA
2645061,BBB,2013B,last,14988,TMA
506360,BBB,2013B,last,14988,TMA
472586,BBB,2013B,last,14988,TMA
511067,BBB,2013B,last,14988,TMA
510845,BBB,2013B,last,14988,TMA
432870,BBB,2013B,last,14988,TMA
422070,BBB,2013B,last,14988,TMA
403093,BBB,2013B,last,14988,TMA
529446,BBB,2013B,last,14988,TMA
518970,BBB,2013B,last,14988,TMA
513733,BBB,2013B,last,14988,TMA
515497,BBB,2013B,last,14988,TMA
498455,BBB,2013B,last,14988,TMA
550429,BBB,2013B,last,14988,TMA
546843,BBB,2013B,last,14988,TMA
555407,BBB,2013B,last,14988,TMA
331354,BBB,2013B,last,14988,TMA
539253,BBB,2013B,last,14988,TMA
2553749,BBB,2013B,last,14988,TMA
273731,BBB,2013B,last,14988,TMA
547841,BBB,2013B,last,14988,TMA
554551,BBB,2013B,last,14988,TMA
173335,BBB,2013B,last,14988,TMA
29144,BBB,2013B,last,14988,TMA
94616,BBB,2013B,last,14988,TMA
552991,BBB,2013B,last,14988,TMA
561455,BBB,2013B,last,14988,TMA
152910,BBB,2013B,last,14988,TMA
188152,BBB,2013B,last,14989,TMA
546749,BBB,2013B,last,14989,TMA
547466,BBB,2013B,last,14989,TMA
547427,BBB,2013B,last,14989,TMA
547403,BBB,2013B,last,14989,TMA
548839,BBB,2013B,last,14989,TMA
558965,BBB,2013B,last,14989,TMA
546533,BBB,2013B,last,14989,TMA
546428,BBB,2013B,last,14989,TMA
145544,BBB,2013B,last,14989,TMA
550354,BBB,2013B,last,14989,TMA
499387,BBB,2013B,last,14989,TMA
204746,BBB,2013B,last,14989,TMA
546322,BBB,2013B,last,14989,TMA
200905,BBB,2013B,last,14989,TMA
199520,BBB,2013B,last,14989,TMA
197595,BBB,2013B,last,14989,TMA
547689,BBB,2013B,last,14989,TMA
151697,BBB,2013B,last,14989,TMA
480650,BBB,2013B,last,14989,TMA
511693,BBB,2013B,last,14989,TMA
549651,BBB,2013B,last,14989,TMA
82741,BBB,2013B,last,14989,TMA
154540,BBB,2013B,last,14989,TMA
493773,BBB,2013B,last,14989,TMA
153212,BBB,2013B,last,14989,TMA
192424,BBB,2013B,last,14989,TMA
187793,BBB,2013B,last,14989,TMA
182824,BBB,2013B,last,14989,TMA
357928,BBB,2013B,last,14992,CMA
532512,BBB,2013B,last,14992,CMA
203108,BBB,2013B,last,14992,CMA
543970,BBB,2013B,last,14992,CMA
388410,BBB,2013B,last,14992,CMA
519012,BBB,2013B,last,14992,CMA
444408,BBB,2013B,last,14992,CMA
334291,BBB,2013B,last,14993,CMA
499067,BBB,2013B,last,14993,CMA
532500,BBB,2013B,last,14993,CMA
561711,BBB,2013B,last,14993,CMA
62631,BBB,2013B,last,14993,CMA
541763,BBB,2013B,last,14993,CMA
546958,BBB,2013B,last,14993,CMA
147876,BBB,2013B,last,14993,CMA
559606,BBB,2013B,last,14994,CMA
441255,BBB,2013B,last,14995,CMA
438703,BBB,2013B,last,14995,CMA
535407,BBB,2013B,last,14995,CMA
535145,BBB,2013B,last,14995,CMA
535140,BBB,2013B,last,14995,CMA
535012,BBB,2013B,last,14995,CMA
534698,BBB,2013B,last,14995,CMA
534652,BBB,2013B,last,14995,CMA
563874,BBB,2013B,last,14995,CMA
524452,BBB,2013B,last,14995,CMA
523672,BBB,2013B,last,14995,CMA
523012,BBB,2013B,last,14995,CMA
442012,BBB,2013B,last,14995,CMA
440057,BBB,2013B,last,14995,CMA
440509,BBB,2013B,last,14995,CMA
534051,BBB,2013B,last,14995,CMA
533839,BBB,2013B,last,14995,CMA
533722,BBB,2013B,last,14995,CMA
434646,BBB,2013B,last,14995,CMA
434192,BBB,2013B,last,14995,CMA
433531,BBB,2013B,last,14995,CMA
561437,BBB,2013B,last,14995,CMA
561167,BBB,2013B,last,14995,CMA
539365,BBB,2013B,last,14995,CMA
404727,BBB,2013B,last,14995,CMA
404022,BBB,2013B,last,14995,CMA
446045,BBB,2013B,last,14995,CMA
532665,BBB,2013B,last,14995,CMA
528161,BBB,2013B,last,14995,CMA
519222,BBB,2013B,last,14995,CMA
518879,BBB,2013B,last,14995,CMA
467035,BBB,2013B,last,14995,CMA
447782,BBB,2013B,last,14995,CMA
447759,BBB,2013B,last,14995,CMA
505376,BBB,2013B,last,14995,CMA
504936,BBB,2013B,last,14995,CMA
525520,BBB,2013B,last,14995,CMA
525501,BBB,2013B,last,14995,CMA
446856,BBB,2013B,last,14995,CMA
401349,BBB,2013B,last,14995,CMA
445065,BBB,2013B,last,14995,CMA
443288,BBB,2013B,last,14995,CMA
442183,BBB,2013B,last,14995,CMA
528250,BBB,2013B,last,14995,CMA
534343,BBB,2013B,last,14995,CMA
559031,BBB,2013B,last,14995,CMA
536189,BBB,2013B,last,14995,CMA
535820,BBB,2013B,last,14995,CMA
535800,BBB,2013B,last,14995,CMA
535755,BBB,2013B,last,14995,CMA
535605,BBB,2013B,last,14995,CMA
371679,BBB,2013B,last,14995,CMA
559458,BBB,2013B,last,14995,CMA
559389,BBB,2013B,last,14995,CMA
560319,BBB,2013B,last,14995,CMA
559744,BBB,2013B,last,14995,CMA
559651,BBB,2013B,last,14995,CMA
559611,BBB,2013B,last,14995,CMA
537488,BBB,2013B,last,14995,CMA
537473,BBB,2013B,last,14995,CMA
537464,BBB,2013B,last,14995,CMA
537434,BBB,2013B,last,14995,CMA
390442,BBB,2013B,last,14995,CMA
377846,BBB,2013B,last,14995,CMA
559495,BBB,2013B,last,14995,CMA
367609,BBB,2013B,last,14995,CMA
365707,BBB,2013B,last,14995,CMA
561164,BBB,2013B,last,14995,CMA
561161,BBB,2013B,last,14995,CMA
560968,BBB,2013B,last,14995,CMA
563330,BBB,2013B,last,14995,CMA
562495,BBB,2013B,last,14995,CMA
553442,BBB,2013B,last,14995,CMA
561713,BBB,2013B,last,14995,CMA
561461,BBB,2013B,last,14995,CMA
561459,BBB,2013B,last,14995,CMA
559350,BBB,2013B,last,14995,CMA
401339,BBB,2013B,last,14995,CMA
400474,BBB,2013B,last,14995,CMA
400469,BBB,2013B,last,14995,CMA
400049,BBB,2013B,last,14995,CMA
425808,BBB,2013B,last,14995,CMA
398084,BBB,2013B,last,14995,CMA
540607,BBB,2013B,last,14995,CMA
540511,BBB,2013B,last,14995,CMA
540184,BBB,2013B,last,14995,CMA
539558,BBB,2013B,last,14995,CMA
539418,BBB,2013B,last,14995,CMA
539385,BBB,2013B,last,14995,CMA
532950,BBB,2013B,last,14995,CMA
529174,BBB,2013B,last,14995,CMA
529065,BBB,2013B,last,14995,CMA
528904,BBB,2013B,last,14995,CMA
528261,BBB,2013B,last,14995,CMA
430357,BBB,2013B,last,14995,CMA
425820,BBB,2013B,last,14995,CMA
535530,BBB,2013B,last,14995,CMA
535468,BBB,2013B,last,14995,CMA
423871,BBB,2013B,last,14995,CMA
416007,BBB,2013B,last,14995,CMA
414958,BBB,2013B,last,14995,CMA
2602809,BBB,2013B,last,14995,CMA
554206,BBB,2013B,last,14995,CMA
552017,BBB,2013B,last,14995,CMA
552007,BBB,2013B,last,14995,CMA
551938,BBB,2013B,last,14995,CMA
551886,BBB,2013B,last,14995,CMA
551770,BBB,2013B,last,14995,CMA
553125,BBB,2013B,last,14995,CMA
553047,BBB,2013B,last,14995,CMA
553487,BBB,2013B,last,14995,CMA
2531031,BBB,2013B,last,14995,CMA
2522093,BBB,2013B,last,14995,CMA
2642029,BBB,2013B,last,14995,CMA
2692384,BBB,2013B,last,14995,CMA
551716,BBB,2013B,last,14995,CMA
551714,BBB,2013B,last,14995,CMA
552110,BBB,2013B,last,14995,CMA
552039,BBB,2013B,last,14995,CMA
291194,BBB,2013B,last,14995,CMA
291037,BBB,2013B,last,14995,CMA
285633,BBB,2013B,last,14995,CMA
278447,BBB,2013B,last,14995,CMA
272580,BBB,2013B,last,14995,CMA
267761,BBB,2013B,last,14995,CMA
143741,BBB,2013B,last,14995,CMA
549732,BBB,2013B,last,14995,CMA
2476649,BBB,2013B,last,14995,CMA
2470672,BBB,2013B,last,14995,CMA
2380539,BBB,2013B,last,14995,CMA
2377567,BBB,2013B,last,14995,CMA
39655,BBB,2013B,last,14995,CMA
549196,BBB,2013B,last,14995,CMA
549158,BBB,2013B,last,14995,CMA
549078,BBB,2013B,last,14995,CMA
549047,BBB,2013B,last,14995,CMA
2483179,BBB,2013B,last,14995,CMA
2481224,BBB,2013B,last,14995,CMA
549754,BBB,2013B,last,14995,CMA
2579459,BBB,2013B,last,14995,CMA
543124,BBB,2013B,last,14995,CMA
482710,BBB,2013B,last,14995,CMA
493515,BBB,2013B,last,14995,CMA
552929,BBB,2013B,last,14995,CMA
499380,BBB,2013B,last,14995,CMA
2521745,BBB,2013B,last,14995,CMA
25107,BBB,2013B,last,14995,CMA
2635829,BBB,2013B,last,14995,CMA
2622465,BBB,2013B,last,14995,CMA
2617596,BBB,2013B,last,14995,CMA
2612483,BBB,2013B,last,14995,CMA
513757,BBB,2013B,last,14995,CMA
475688,BBB,2013B,last,14995,CMA
475095,BBB,2013B,last,14995,CMA
518189,BBB,2013B,last,14995,CMA
517617,BBB,2013B,last,14995,CMA
516841,BBB,2013B,last,14995,CMA
516529,BBB,2013B,last,14995,CMA
511459,BBB,2013B,last,14995,CMA
511306,BBB,2013B,last,14995,CMA
505961,BBB,2013B,last,14995,CMA
505606,BBB,2013B,last,14995,CMA
515105,BBB,2013B,last,14995,CMA
513093,BBB,2013B,last,14995,CMA
513315,BBB,2013B,last,14995,CMA
529502,BBB,2013B,last,14995,CMA
529452,BBB,2013B,last,14995,CMA
529212,BBB,2013B,last,14995,CMA
534086,BBB,2013B,last,14995,CMA
504102,BBB,2013B,last,14995,CMA
522090,BBB,2013B,last,14995,CMA
521903,BBB,2013B,last,14995,CMA
521764,BBB,2013B,last,14995,CMA
521430,BBB,2013B,last,14995,CMA
519800,BBB,2013B,last,14995,CMA
527227,BBB,2013B,last,14995,CMA
263499,BBB,2013B,last,14995,CMA
262741,BBB,2013B,last,14995,CMA
548885,BBB,2013B,last,14995,CMA
548834,BBB,2013B,last,14995,CMA
548791,BBB,2013B,last,14995,CMA
548504,BBB,2013B,last,14995,CMA
548275,BBB,2013B,last,14995,CMA
553840,BBB,2013B,last,14995,CMA
476369,BBB,2013B,last,14995,CMA
476297,BBB,2013B,last,14995,CMA
527980,BBB,2013B,last,14995,CMA
527886,BBB,2013B,last,14995,CMA
562489,BBB,2013B,last,14995,CMA
527164,BBB,2013B,last,14995,CMA
527020,BBB,2013B,last,14995,CMA
526370,BBB,2013B,last,14995,CMA
516432,BBB,2013B,last,14995,CMA
516057,BBB,2013B,last,14995,CMA
498296,BBB,2013B,last,14995,CMA
503491,BBB,2013B,last,14995,CMA
502441,BBB,2013B,last,14995,CMA
501955,BBB,2013B,last,14995,CMA
501550,BBB,2013B,last,14995,CMA
476596,BBB,2013B,last,14995,CMA
545702,BBB,2013B,last,14995,CMA
2205383,BBB,2013B,last,14995,CMA
2173572,BBB,2013B,last,14995,CMA
554374,BBB,2013B,last,14995,CMA
554352,BBB,2013B,last,14995,CMA
544186,BBB,2013B,last,14995,CMA
543853,BBB,2013B,last,14995,CMA
543473,BBB,2013B,last,14995,CMA
543356,BBB,2013B,last,14995,CMA
543351,BBB,2013B,last,14995,CMA
543165,BBB,2013B,last,14995,CMA
546052,BBB,2013B,last,14995,CMA
546632,BBB,2013B,last,14995,CMA
109938,BBB,2013B,last,14995,CMA
108589,BBB,2013B,last,14995,CMA
2580439,BBB,2013B,last,14995,CMA
97154,BBB,2013B,last,14995,CMA
91322,BBB,2013B,last,14995,CMA
74734,BBB,2013B,last,14995,CMA
554083,BBB,2013B,last,14995,CMA
496070,BBB,2013B,last,14995,CMA
495856,BBB,2013B,last,14995,CMA
2518653,BBB,2013B,last,14995,CMA
2498299,BBB,2013B,last,14995,CMA
556301,BBB,2013B,last,14995,CMA
306886,BBB,2013B,last,14995,CMA
559595,BBB,2013B,last,14995,CMA
2296749,BBB,2013B,last,14995,CMA
2293443,BBB,2013B,last,14995,CMA
2288607,BBB,2013B,last,14995,CMA
2254619,BBB,2013B,last,14995,CMA
555086,BBB,2013B,last,14995,CMA
548255,BBB,2013B,last,14995,CMA
547757,BBB,2013B,last,14995,CMA
556860,BBB,2013B,last,14995,CMA
556553,BBB,2013B,last,14995,CMA
556349,BBB,2013B,last,14995,CMA
2487541,BBB,2013B,last,14995,CMA
556292,BBB,2013B,last,14995,CMA
554336,BBB,2013B,last,14995,CMA
547690,BBB,2013B,last,14995,CMA
555838,BBB,2013B,last,14995,CMA
555695,BBB,2013B,last,14995,CMA
555674,BBB,2013B,last,14995,CMA
555672,BBB,2013B,last,14995,CMA
555667,BBB,2013B,last,14995,CMA
555414,BBB,2013B,last,14995,CMA
545392,BBB,2013B,last,14995,CMA
545191,BBB,2013B,last,14995,CMA
476783,BBB,2013B,last,14995,CMA
482766,BBB,2013B,last,14995,CMA
553572,BBB,2013B,last,14995,CMA
500791,BBB,2013B,last,14995,CMA
481607,BBB,2013B,last,14995,CMA
481580,BBB,2013B,last,14995,CMA
481010,BBB,2013B,last,14995,CMA
480815,BBB,2013B,last,14995,CMA
480382,BBB,2013B,last,14995,CMA
477164,BBB,2013B,last,14995,CMA
499118,BBB,2013B,last,14995,CMA
477011,BBB,2013B,last,14995,CMA
483243,BBB,2013B,last,14995,CMA
476710,BBB,2013B,last,14995,CMA
476709,BBB,2013B,last,14995,CMA
501432,BBB,2013B,last,14995,CMA
500958,BBB,2013B,last,14995,CMA
500815,BBB,2013B,last,14995,CMA
549568,BBB,2013B,last,14995,CMA
549391,BBB,2013B,last,14995,CMA
549261,BBB,2013B,last,14995,CMA
499891,BBB,2013B,last,14995,CMA
499511,BBB,2013B,last,14995,CMA
552859,BBB,2013B,last,14995,CMA
123860,BBB,2013B,last,14995,CMA
116603,BBB,2013B,last,14995,CMA
110881,BBB,2013B,last,14995,CMA
492946,BBB,2013B,last,14995,CMA
492182,BBB,2013B,last,14995,CMA
488863,BBB,2013B,last,14995,CMA
104054,BBB,2013B,last,14995,CMA
34863,BBB,2013B,last,14995,CMA
31663,BBB,2013B,last,14995,CMA
498065,BBB,2013B,last,14995,CMA
496220,BBB,2013B,last,14995,CMA
552894,BBB,2013B,last,14995,CMA
2322342,BBB,2013B,last,14995,CMA
552826,BBB,2013B,last,14995,CMA
552273,BBB,2013B,last,14995,CMA
494278,BBB,2013B,last,14995,CMA
493912,BBB,2013B,last,14995,CMA
553502,BBB,2013B,last,14995,CMA
486656,BBB,2013B,last,14995,CMA
485399,BBB,2013B,last,14995,CMA
484933,BBB,2013B,last,14995,CMA
484885,BBB,2013B,last,14995,CMA
484768,BBB,2013B,last,14995,CMA
538987,BBB,2013B,last,14995,CMA
537905,BBB,2013B,last,14995,CMA
537875,BBB,2013B,last,14995,CMA
550707,BBB,2013B,last,14995,CMA
550668,BBB,2013B,last,14995,CMA
550613,BBB,2013B,last,14995,CMA
550403,BBB,2013B,last,14995,CMA
550400,BBB,2013B,last,14995,CMA
537342,BBB,2013B,last,14995,CMA
537193,BBB,2013B,last,14995,CMA
537162,BBB,2013B,last,14995,CMA
561166,BBB,2013B,last,14995,CMA
539303,BBB,2013B,last,14995,CMA
539265,BBB,2013B,last,14995,CMA
538221,BBB,2013B,last,14995,CMA
538897,BBB,2013B,last,14995,CMA
350795,BBB,2013B,last,14995,CMA
542748,BBB,2013B,last,14995,CMA
365452,BBB,2013B,last,14995,CMA
363660,BBB,2013B,last,14995,CMA
363401,BBB,2013B,last,14995,CMA
1903527,BBB,2013B,last,14995,CMA
1847146,BBB,2013B,last,14995,CMA
1789199,BBB,2013B,last,14995,CMA
541013,BBB,2013B,last,14995,CMA
540750,BBB,2013B,last,14995,CMA
1659662,BBB,2013B,last,14995,CMA
226827,BBB,2013B,last,14995,CMA
392213,BBB,2013B,last,14995,CMA
561452,BBB,2013B,last,14995,CMA
561448,BBB,2013B,last,14995,CMA
561445,BBB,2013B,last,14995,CMA
413984,BBB,2013B,last,14995,CMA
412654,BBB,2013B,last,14995,CMA
412407,BBB,2013B,last,14995,CMA
409662,BBB,2013B,last,14995,CMA
405471,BBB,2013B,last,14995,CMA
550921,BBB,2013B,last,14995,CMA
550708,BBB,2013B,last,14995,CMA
229240,BBB,2013B,last,14995,CMA
1574398,BBB,2013B,last,14995,CMA
226374,BBB,2013B,last,14995,CMA
555059,BBB,2013B,last,14995,CMA
554998,BBB,2013B,last,14995,CMA
554608,BBB,2013B,last,14995,CMA
550381,BBB,2013B,last,14995,CMA
551706,BBB,2013B,last,14995,CMA
551576,BBB,2013B,last,14995,CMA
551282,BBB,2013B,last,14995,CMA
551129,BBB,2013B,last,14995,CMA
551032,BBB,2013B,last,14995,CMA
550963,BBB,2013B,last,14995,CMA
339379,BBB,2013B,last,14995,CMA
557594,BBB,2013B,last,14995,CMA
557285,BBB,2013B,last,14995,CMA
313810,BBB,2013B,last,14995,CMA
557057,BBB,2013B,last,14995,CMA
557032,BBB,2013B,last,14995,CMA
544532,BBB,2013B,last,14995,CMA
556999,BBB,2013B,last,14995,CMA
556997,BBB,2013B,last,14995,CMA
556992,BBB,2013B,last,14995,CMA
556990,BBB,2013B,last,14995,CMA
556878,BBB,2013B,last,14995,CMA
557145,BBB,2013B,last,14995,CMA
335421,BBB,2013B,last,14995,CMA
557968,BBB,2013B,last,14995,CMA
2249372,BBB,2013B,last,14995,CMA
331844,BBB,2013B,last,14995,CMA
329226,BBB,2013B,last,14995,CMA
2097916,BBB,2013B,last,14995,CMA
2023366,BBB,2013B,last,14995,CMA
1923618,BBB,2013B,last,14995,CMA
316841,BBB,2013B,last,14995,CMA
557024,BBB,2013B,last,14995,CMA
1678401,BBB,2013B,last,14995,CMA
541822,BBB,2013B,last,14995,CMA
1521540,BBB,2013B,last,14995,CMA
1493476,BBB,2013B,last,14995,CMA
352364,BBB,2013B,last,14995,CMA
351290,BBB,2013B,last,14995,CMA
558373,BBB,2013B,last,14995,CMA
558250,BBB,2013B,last,14995,CMA
558040,BBB,2013B,last,14995,CMA
542745,BBB,2013B,last,14995,CMA
542613,BBB,2013B,last,14995,CMA
542259,BBB,2013B,last,14995,CMA
557622,BBB,2013B,last,14995,CMA
541232,BBB,2013B,last,14995,CMA
248103,BBB,2013B,last,14995,CMA
557775,BBB,2013B,last,14995,CMA
558622,BBB,2013B,last,14995,CMA
540614,BBB,2013B,last,14995,CMA
540656,BBB,2013B,last,14995,CMA
232695,BBB,2013B,last,14995,CMA
247267,BBB,2013B,last,14995,CMA
249534,BBB,2013B,last,14995,CMA
586145,BBB,2013J,last,14999,TMA
565393,BBB,2013J,last,14999,TMA
563374,BBB,2013J,last,14999,TMA
580975,BBB,2013J,last,14999,TMA
586928,BBB,2013J,last,14999,TMA
574766,BBB,2013J,last,14999,TMA
575089,BBB,2013J,last,14999,TMA
514445,BBB,2013J,last,15000,TMA
619941,BBB,2013J,last,15001,TMA
1797168,BBB,2013J,last,15001,TMA
1695710,BBB,2013J,last,15001,TMA
1624707,BBB,2013J,last,15001,TMA
1594621,BBB,2013J,last,15001,TMA
1903677,BBB,2013J,last,15001,TMA
1889565,BBB,2013J,last,15001,TMA
1886295,BBB,2013J,last,15001,TMA
1340766,BBB,2013J,last,15001,TMA
375960,BBB,2013J,last,15001,TMA
374038,BBB,2013J,last,15001,TMA
373848,BBB,2013J,last,15001,TMA
616735,BBB,2013J,last,15001,TMA
616342,BBB,2013J,last,15001,TMA
615127,BBB,2013J,last,15001,TMA
1503056,BBB,2013J,last,15001,TMA
1467014,BBB,2013J,last,15001,TMA
1440341,BBB,2013J,last,15001,TMA
1421720,BBB,2013J,last,15001,TMA
1399285,BBB,2013J,last,15001,TMA
382979,BBB,2013J,last,15001,TMA
382920,BBB,2013J,last,15001,TMA
619082,BBB,2013J,last,15001,TMA
617472,BBB,2013J,last,15001,TMA
617116,BBB,2013J,last,15001,TMA
613416,BBB,2013J,last,15001,TMA
613293,BBB,2013J,last,15001,TMA
613208,BBB,2013J,last,15001,TMA
613203,BBB,2013J,last,15001,TMA
613200,BBB,2013J,last,15001,TMA
2062995,BBB,2013J,last,15001,TMA
320051,BBB,2013J,last,15001,TMA
319618,BBB,2013J,last,15001,TMA
318848,BBB,2013J,last,15001,TMA
316076,BBB,2013J,last,15001,TMA
2006283,BBB,2013J,last,15001,TMA
2001687,BBB,2013J,last,15001,TMA
1946308,BBB,2013J,last,15001,TMA
1941248,BBB,2013J,last,15001,TMA
1939695,BBB,2013J,last,15001,TMA
1910175,BBB,2013J,last,15001,TMA
2111015,BBB,2013J,last,15001,TMA
2095379,BBB,2013J,last,15001,TMA
2083576,BBB,2013J,last,15001,TMA
2078479,BBB,2013J,last,15001,TMA
613196,BBB,2013J,last,15001,TMA
2034300,BBB,2013J,last,15001,TMA
2029037,BBB,2013J,last,15001,TMA
2147929,BBB,2013J,last,15001,TMA
2132966,BBB,2013J,last,15001,TMA
345128,BBB,2013J,last,15001,TMA
344568,BBB,2013J,last,15001,TMA
342685,BBB,2013J,last,15001,TMA
340965,BBB,2013J,last,15001,TMA
340911,BBB,2013J,last,15001,TMA
339608,BBB,2013J,last,15001,TMA
339494,BBB,2013J,last,15001,TMA
558533,BBB,2013J,last,15001,TMA
1536774,BBB,2013J,last,15001,TMA
610032,BBB,2013J,last,15001,TMA
609871,BBB,2013J,last,15001,TMA
609864,BBB,2013J,last,15001,TMA
609817,BBB,2013J,last,15001,TMA
609812,BBB,2013J,last,15001,TMA
609811,BBB,2013J,last,15001,TMA
609704,BBB,2013J,last,15001,TMA
609679,BBB,2013J,last,15001,TMA
610750,BBB,2013J,last,15001,TMA
610745,BBB,2013J,last,15001,TMA
610725,BBB,2013J,last,15001,TMA
610553,BBB,2013J,last,15001,TMA
610428,BBB,2013J,last,15001,TMA
610362,BBB,2013J,last,15001,TMA
610260,BBB,2013J,last,15001,TMA
562270,BBB,2013J,last,15001,TMA
611383,BBB,2013J,last,15001,TMA
611268,BBB,2013J,last,15001,TMA
611060,BBB,2013J,last,15001,TMA
611023,BBB,2013J,last,15001,TMA
611017,BBB,2013J,last,15001,TMA
611012,BBB,2013J,last,15001,TMA
610906,BBB,2013J,last,15001,TMA
610763,BBB,2013J,last,15001,TMA
428323,BBB,2013J,last,15001,TMA
585170,BBB,2013J,last,15001,TMA
573986,BBB,2013J,last,15001,TMA
607778,BBB,2013J,last,15001,TMA
607735,BBB,2013J,last,15001,TMA
607725,BBB,2013J,last,15001,TMA
612255,BBB,2013J,last,15001,TMA
613177,BBB,2013J,last,15001,TMA
398067,BBB,2013J,last,15001,TMA
611690,BBB,2013J,last,15001,TMA
611531,BBB,2013J,last,15001,TMA
614556,BBB,2013J,last,15001,TMA
614546,BBB,2013J,last,15001,TMA
614495,BBB,2013J,last,15001,TMA
614072,BBB,2013J,last,15001,TMA
614064,BBB,2013J,last,15001,TMA
613418,BBB,2013J,last,15001,TMA
612658,BBB,2013J,last,15001,TMA
612656,BBB,2013J,last,15001,TMA
612361,BBB,2013J,last,15001,TMA
612355,BBB,2013J,last,15001,TMA
320757,BBB,2013J,last,15001,TMA
612252,BBB,2013J,last,15001,TMA
612217,BBB,2013J,last,15001,TMA
612210,BBB,2013J,last,15001,TMA
613173,BBB,2013J,last,15001,TMA
613171,BBB,2013J,last,15001,TMA
613164,BBB,2013J,last,15001,TMA
613158,BBB,2013J,last,15001,TMA
612891,BBB,2013J,last,15001,TMA
612684,BBB,2013J,last,15001,TMA
612661,BBB,2013J,last,15001,TMA
398525,BBB,2013J,last,15001,TMA
609307,BBB,2013J,last,15001,TMA
609046,BBB,2013J,last,15001,TMA
2455578,BBB,2013J,last,15001,TMA
2638377,BBB,2013J,last,15001,TMA
2619107,BBB,2013J,last,15001,TMA
2451269,BBB,2013J,last,15001,TMA
2444641,BBB,2013J,last,15001,TMA
2420909,BBB,2013J,last,15001,TMA
2416774,BBB,2013J,last,15001,TMA
2415414,BBB,2013J,last,15001,TMA
2411595,BBB,2013J,last,15001,TMA
2400851,BBB,2013J,last,15001,TMA
2392824,BBB,2013J,last,15001,TMA
2468706,BBB,2013J,last,15001,TMA
2464683,BBB,2013J,last,15001,TMA
2463950,BBB,2013J,last,15001,TMA
2463213,BBB,2013J,last,15001,TMA
2638818,BBB,2013J,last,15001,TMA
2455066,BBB,2013J,last,15001,TMA
195938,BBB,2013J,last,15001,TMA
191269,BBB,2013J,last,15001,TMA
2473780,BBB,2013J,last,15001,TMA
549226,BBB,2013J,last,15001,TMA
549129,BBB,2013J,last,15001,TMA
548899,BBB,2013J,last,15001,TMA
550941,BBB,2013J,last,15001,TMA
199663,BBB,2013J,last,15001,TMA
199029,BBB,2013J,last,15001,TMA
197759,BBB,2013J,last,15001,TMA
197412,BBB,2013J,last,15001,TMA
230081,BBB,2013J,last,15001,TMA
205788,BBB,2013J,last,15001,TMA
84812,BBB,2013J,last,15001,TMA
23798,BBB,2013J,last,15001,TMA
2691566,BBB,2013J,last,15001,TMA
2691100,BBB,2013J,last,15001,TMA
2680885,BBB,2013J,last,15001,TMA
105883,BBB,2013J,last,15001,TMA
105527,BBB,2013J,last,15001,TMA
131051,BBB,2013J,last,15001,TMA
128889,BBB,2013J,last,15001,TMA
124909,BBB,2013J,last,15001,TMA
123716,BBB,2013J,last,15001,TMA
2514379,BBB,2013J,last,15001,TMA
2512392,BBB,2013J,last,15001,TMA
138289,BBB,2013J,last,15001,TMA
134563,BBB,2013J,last,15001,TMA
203640,BBB,2013J,last,15001,TMA
80717,BBB,2013J,last,15001,TMA
74585,BBB,2013J,last,15001,TMA
73489,BBB,2013J,last,15001,TMA
98268,BBB,2013J,last,15001,TMA
97567,BBB,2013J,last,15001,TMA
90243,BBB,2013J,last,15001,TMA
86291,BBB,2013J,last,15001,TMA
2607641,BBB,2013J,last,15001,TMA
2591421,BBB,2013J,last,15001,TMA
2588742,BBB,2013J,last,15001,TMA
2587329,BBB,2013J,last,15001,TMA
2585937,BBB,2013J,last,15001,TMA
2583791,BBB,2013J,last,15001,TMA
2214631,BBB,2013J,last,15001,TMA
287309,BBB,2013J,last,15001,TMA
287107,BBB,2013J,last,15001,TMA
286402,BBB,2013J,last,15001,TMA
285050,BBB,2013J,last,15001,TMA
284906,BBB,2013J,last,15001,TMA
278794,BBB,2013J,last,15001,TMA
2164944,BBB,2013J,last,15001,TMA
293754,BBB,2013J,last,15001,TMA
293712,BBB,2013J,last,15001,TMA
292537,BBB,2013J,last,15001,TMA
291544,BBB,2013J,last,15001,TMA
290089,BBB,2013J,last,15001,TMA
547311,BBB,2013J,last,15001,TMA
2226301,BBB,2013J,last,15001,TMA
269082,BBB,2013J,last,15001,TMA
2196054,BBB,2013J,last,15001,TMA
2187146,BBB,2013J,last,15001,TMA
2174835,BBB,2013J,last,15001,TMA
2320306,BBB,2013J,last,15001,TMA
2299338,BBB,2013J,last,15001,TMA
2284583,BBB,2013J,last,15001,TMA
315105,BBB,2013J,last,15001,TMA
310933,BBB,2013J,last,15001,TMA
306964,BBB,2013J,last,15001,TMA
301987,BBB,2013J,last,15001,TMA
2338586,BBB,2013J,last,15001,TMA
2334319,BBB,2013J,last,15001,TMA
323606,BBB,2013J,last,15001,TMA
323090,BBB,2013J,last,15001,TMA
555721,BBB,2013J,last,15001,TMA
243851,BBB,2013J,last,15001,TMA
240993,BBB,2013J,last,15001,TMA
234929,BBB,2013J,last,15001,TMA
233957,BBB,2013J,last,15001,TMA
233752,BBB,2013J,last,15001,TMA
233317,BBB,2013J,last,15001,TMA
258035,BBB,2013J,last,15001,TMA
256998,BBB,2013J,last,15001,TMA
253577,BBB,2013J,last,15001,TMA
252257,BBB,2013J,last,15001,TMA
248653,BBB,2013J,last,15001,TMA
247902,BBB,2013J,last,15001,TMA
555346,BBB,2013J,last,15001,TMA
554540,BBB,2013J,last,15001,TMA
109372,BBB,2013J,last,15001,TMA
555614,BBB,2013J,last,15001,TMA
556089,BBB,2013J,last,15001,TMA
548197,BBB,2013J,last,15001,TMA
266564,BBB,2013J,last,15001,TMA
266331,BBB,2013J,last,15001,TMA
264744,BBB,2013J,last,15001,TMA
262639,BBB,2013J,last,15001,TMA
261466,BBB,2013J,last,15001,TMA
260179,BBB,2013J,last,15001,TMA
277812,BBB,2013J,last,15001,TMA
274247,BBB,2013J,last,15001,TMA
270646,BBB,2013J,last,15001,TMA
269204,BBB,2013J,last,15001,TMA
600370,BBB,2013J,last,15001,TMA
598253,BBB,2013J,last,15001,TMA
598252,BBB,2013J,last,15001,TMA
598243,BBB,2013J,last,15001,TMA
598230,BBB,2013J,last,15001,TMA
598000,BBB,2013J,last,15001,TMA
597894,BBB,2013J,last,15001,TMA
599794,BBB,2013J,last,15001,TMA
599787,BBB,2013J,last,15001,TMA
599785,BBB,2013J,last,15001,TMA
599748,BBB,2013J,last,15001,TMA
599739,BBB,2013J,last,15001,TMA
599402,BBB,2013J,last,15001,TMA
599230,BBB,2013J,last,15001,TMA
600684,BBB,2013J,last,15001,TMA
598351,BBB,2013J,last,15001,TMA
600279,BBB,2013J,last,15001,TMA
600121,BBB,2013J,last,15001,TMA
599908,BBB,2013J,last,15001,TMA
599895,BBB,2013J,last,15001,TMA
599840,BBB,2013J,last,15001,TMA
599836,BBB,2013J,last,15001,TMA
600740,BBB,2013J,last,15001,TMA
501208,BBB,2013J,last,15001,TMA
600856,BBB,2013J,last,15001,TMA
600771,BBB,2013J,last,15001,TMA
601504,BBB,2013J,last,15001,TMA
601499,BBB,2013J,last,15001,TMA
601497,BBB,2013J,last,15001,TMA
601455,BBB,2013J,last,15001,TMA
596535,BBB,2013J,last,15001,TMA
604200,BBB,2013J,last,15001,TMA
604187,BBB,2013J,last,15001,TMA
604921,BBB,2013J,last,15001,TMA
604919,BBB,2013J,last,15001,TMA
604917,BBB,2013J,last,15001,TMA
604916,BBB,2013J,last,15001,TMA
607493,BBB,2013J,last,15001,TMA
596305,BBB,2013J,last,15001,TMA
596242,BBB,2013J,last,15001,TMA
596144,BBB,2013J,last,15001,TMA
596114,BBB,2013J,last,15001,TMA
596964,BBB,2013J,last,15001,TMA
596847,BBB,2013J,last,15001,TMA
596596,BBB,2013J,last,15001,TMA
2680344,BBB,2013J,last,15001,TMA
596451,BBB,2013J,last,15001,TMA
596417,BBB,2013J,last,15001,TMA
596390,BBB,2013J,last,15001,TMA
596372,BBB,2013J,last,15001,TMA
597886,BBB,2013J,last,15001,TMA
597878,BBB,2013J,last,15001,TMA
597790,BBB,2013J,last,15001,TMA
597742,BBB,2013J,last,15001,TMA
597301,BBB,2013J,last,15001,TMA
597286,BBB,2013J,last,15001,TMA
597102,BBB,2013J,last,15001,TMA
597050,BBB,2013J,last,15001,TMA
598462,BBB,2013J,last,15001,TMA
602147,BBB,2013J,last,15001,TMA
601251,BBB,2013J,last,15001,TMA
601243,BBB,2013J,last,15001,TMA
600966,BBB,2013J,last,15001,TMA
602014,BBB,2013J,last,15001,TMA
602009,BBB,2013J,last,15001,TMA
119898,BBB,2013J,last,15001,TMA
601887,BBB,2013J,last,15001,TMA
601885,BBB,2013J,last,15001,TMA
601655,BBB,2013J,last,15001,TMA
601635,BBB,2013J,last,15001,TMA
603012,BBB,2013J,last,15001,TMA
602496,BBB,2013J,last,15001,TMA
602458,BBB,2013J,last,15001,TMA
602245,BBB,2013J,last,15001,TMA
601346,BBB,2013J,last,15001,TMA
602066,BBB,2013J,last,15001,TMA
599037,BBB,2013J,last,15001,TMA
598986,BBB,2013J,last,15001,TMA
598969,BBB,2013J,last,15001,TMA
598883,BBB,2013J,last,15001,TMA
598760,BBB,2013J,last,15001,TMA
598709,BBB,2013J,last,15001,TMA
598623,BBB,2013J,last,15001,TMA
98720,BBB,2013J,last,15001,TMA
37622,BBB,2013J,last,15001,TMA
31849,BBB,2013J,last,15001,TMA
30091,BBB,2013J,last,15001,TMA
111942,BBB,2013J,last,15001,TMA
2617839,BBB,2013J,last,15001,TMA
169213,BBB,2013J,last,15001,TMA
27759,BBB,2013J,last,15001,TMA
2642717,BBB,2013J,last,15001,TMA
2540724,BBB,2013J,last,15001,TMA
2539858,BBB,2013J,last,15001,TMA
2532647,BBB,2013J,last,15001,TMA
601896,BBB,2013J,last,15001,TMA
139549,BBB,2013J,last,15001,TMA
2575994,BBB,2013J,last,15001,TMA
2567158,BBB,2013J,last,15001,TMA
2564744,BBB,2013J,last,15001,TMA
2553890,BBB,2013J,last,15001,TMA
151917,BBB,2013J,last,15001,TMA
146165,BBB,2013J,last,15001,TMA
141949,BBB,2013J,last,15001,TMA
604731,BBB,2013J,last,15001,TMA
161491,BBB,2013J,last,15001,TMA
157795,BBB,2013J,last,15001,TMA
156311,BBB,2013J,last,15001,TMA
154011,BBB,2013J,last,15001,TMA
56789,BBB,2013J,last,15001,TMA
52797,BBB,2013J,last,15001,TMA
48503,BBB,2013J,last,15001,TMA
48040,BBB,2013J,last,15001,TMA
2390117,BBB,2013J,last,15001,TMA
2356809,BBB,2013J,last,15001,TMA
188026,BBB,2013J,last,15001,TMA
174487,BBB,2013J,last,15001,TMA
106588,BBB,2013J,last,15001,TMA
605930,BBB,2013J,last,15001,TMA
593712,BBB,2013J,last,15001,TMA
593593,BBB,2013J,last,15001,TMA
593514,BBB,2013J,last,15001,TMA
593513,BBB,2013J,last,15001,TMA
593510,BBB,2013J,last,15001,TMA
593444,BBB,2013J,last,15001,TMA
593427,BBB,2013J,last,15001,TMA
593798,BBB,2013J,last,15001,TMA
593743,BBB,2013J,last,15001,TMA
604939,BBB,2013J,last,15001,TMA
604932,BBB,2013J,last,15001,TMA
606179,BBB,2013J,last,15001,TMA
606097,BBB,2013J,last,15001,TMA
593727,BBB,2013J,last,15001,TMA
605916,BBB,2013J,last,15001,TMA
605854,BBB,2013J,last,15001,TMA
605832,BBB,2013J,last,15001,TMA
605438,BBB,2013J,last,15001,TMA
605390,BBB,2013J,last,15001,TMA
606458,BBB,2013J,last,15001,TMA
606450,BBB,2013J,last,15001,TMA
606422,BBB,2013J,last,15001,TMA
606420,BBB,2013J,last,15001,TMA
606414,BBB,2013J,last,15001,TMA
606412,BBB,2013J,last,15001,TMA
606410,BBB,2013J,last,15001,TMA
606229,BBB,2013J,last,15001,TMA
608623,BBB,2013J,last,15001,TMA
607398,BBB,2013J,last,15001,TMA
607097,BBB,2013J,last,15001,TMA
608000,BBB,2013J,last,15001,TMA
607937,BBB,2013J,last,15001,TMA
607914,BBB,2013J,last,15001,TMA
607909,BBB,2013J,last,15001,TMA
607892,BBB,2013J,last,15001,TMA
607889,BBB,2013J,last,15001,TMA
607887,BBB,2013J,last,15001,TMA
607804,BBB,2013J,last,15001,TMA
608766,BBB,2013J,last,15001,TMA
608738,BBB,2013J,last,15001,TMA
608647,BBB,2013J,last,15001,TMA
604238,BBB,2013J,last,15001,TMA
608578,BBB,2013J,last,15001,TMA
608419,BBB,2013J,last,15001,TMA
608264,BBB,2013J,last,15001,TMA
608047,BBB,2013J,last,15001,TMA
609010,BBB,2013J,last,15001,TMA
593385,BBB,2013J,last,15001,TMA
593081,BBB,2013J,last,15001,TMA
593023,BBB,2013J,last,15001,TMA
592900,BBB,2013J,last,15001,TMA
592854,BBB,2013J,last,15001,TMA
592471,BBB,2013J,last,15001,TMA
592322,BBB,2013J,last,15001,TMA
592317,BBB,2013J,last,15001,TMA
603036,BBB,2013J,last,15001,TMA
596107,BBB,2013J,last,15001,TMA
596017,BBB,2013J,last,15001,TMA
595925,BBB,2013J,last,15001,TMA
595874,BBB,2013J,last,15001,TMA
595854,BBB,2013J,last,15001,TMA
592290,BBB,2013J,last,15001,TMA
594468,BBB,2013J,last,15001,TMA
594456,BBB,2013J,last,15001,TMA
594056,BBB,2013J,last,15001,TMA
594015,BBB,2013J,last,15001,TMA
593898,BBB,2013J,last,15001,TMA
603270,BBB,2013J,last,15001,TMA
603210,BBB,2013J,last,15001,TMA
603123,BBB,2013J,last,15001,TMA
606697,BBB,2013J,last,15001,TMA
603035,BBB,2013J,last,15001,TMA
604116,BBB,2013J,last,15001,TMA
603912,BBB,2013J,last,15001,TMA
603661,BBB,2013J,last,15001,TMA
603627,BBB,2013J,last,15001,TMA
603601,BBB,2013J,last,15001,TMA
603446,BBB,2013J,last,15001,TMA
603440,BBB,2013J,last,15001,TMA
603287,BBB,2013J,last,15001,TMA
604556,BBB,2013J,last,15001,TMA
604543,BBB,2013J,last,15001,TMA
604315,BBB,2013J,last,15001,TMA
604292,BBB,2013J,last,15001,TMA
604204,BBB,2013J,last,15001,TMA
595138,BBB,2013J,last,15001,TMA
606572,BBB,2013J,last,15001,TMA
606562,BBB,2013J,last,15001,TMA
595103,BBB,2013J,last,15001,TMA
594776,BBB,2013J,last,15001,TMA
594762,BBB,2013J,last,15001,TMA
594693,BBB,2013J,last,15001,TMA
594677,BBB,2013J,last,15001,TMA
594529,BBB,2013J,last,15001,TMA
595818,BBB,2013J,last,15001,TMA
595678,BBB,2013J,last,15001,TMA
595672,BBB,2013J,last,15001,TMA
595570,BBB,2013J,last,15001,TMA
595345,BBB,2013J,last,15001,TMA
595499,BBB,2013J,last,15001,TMA
596108,BBB,2013J,last,15001,TMA
595295,BBB,2013J,last,15001,TMA
599644,BBB,2013J,last,15004,CMA
591034,BBB,2013J,last,15004,CMA
587824,BBB,2013J,last,15004,CMA
2528352,BBB,2013J,last,15004,CMA
595010,BBB,2013J,last,15004,CMA
585963,BBB,2013J,last,15004,CMA
241338,BBB,2013J,last,15004,CMA
572277,BBB,2013J,last,15004,CMA
335136,BBB,2013J,last,15004,CMA
2453657,BBB,2013J,last,15004,CMA
513076,BBB,2013J,last,15004,CMA
63044,BBB,2013J,last,15004,CMA
605327,BBB,2013J,last,15004,CMA
138920,BBB,2013J,last,15004,CMA
2573353,BBB,2013J,last,15004,CMA
603265,BBB,2013J,last,15004,CMA
609510,BBB,2013J,last,15004,CMA
499624,BBB,2013J,last,15005,CMA
487214,BBB,2013J,last,15005,CMA
132626,BBB,2013J,last,15005,CMA
532839,BBB,2013J,last,15005,CMA
594845,BBB,2013J,last,15005,CMA
2544448,BBB,2013J,last,15005,CMA
527636,BBB,2013J,last,15005,CMA
594497,BBB,2013J,last,15005,CMA
96475,BBB,2013J,last,15005,CMA
601934,BBB,2013J,last,15005,CMA
38234,BBB,2013J,last,15006,CMA
545298,BBB,2013J,last,15006,CMA
489320,BBB,2013J,last,15006,CMA
490894,BBB,2013J,last,15006,CMA
512581,BBB,2013J,last,15006,CMA
509236,BBB,2013J,last,15006,CMA
595241,BBB,2013J,last,15006,CMA
525885,BBB,2013J,last,15006,CMA
603398,BBB,2013J,last,15006,CMA
603038,BBB,2013J,last,15006,CMA
590931,BBB,2013J,last,15006,CMA
589509,BBB,2013J,last,15006,CMA
606685,BBB,2013J,last,15006,CMA
604942,BBB,2013J,last,15006,CMA
466477,BBB,2013J,last,15006,CMA
582390,BBB,2013J,last,15006,CMA
577980,BBB,2013J,last,15006,CMA
607300,BBB,2013J,last,15006,CMA
574002,BBB,2013J,last,15006,CMA
576946,BBB,2013J,last,15006,CMA
572447,BBB,2013J,last,15006,CMA
571885,BBB,2013J,last,15006,CMA
415546,BBB,2013J,last,15006,CMA
610780,BBB,2013J,last,15006,CMA
567915,BBB,2013J,last,15006,CMA
568074,BBB,2013J,last,15006,CMA
567429,BBB,2013J,last,15006,CMA
613175,BBB,2013J,last,15006,CMA
612484,BBB,2013J,last,15006,CMA
564792,BBB,2013J,last,15006,CMA
381669,BBB,2013J,last,15006,CMA
566415,BBB,2013J,last,15006,CMA
1105438,BBB,2013J,last,15006,CMA
380240,BBB,2013J,last,15006,CMA
369986,BBB,2013J,last,15006,CMA
554314,BBB,2013J,last,15006,CMA
227416,BBB,2013J,last,15006,CMA
2425156,BBB,2013J,last,15006,CMA
2363875,BBB,2013J,last,15006,CMA
174222,BBB,2013J,last,15006,CMA
2280314,BBB,2013J,last,15006,CMA
496334,BBB,2013J,last,15006,CMA
591223,BBB,2013J,last,15007,CMA
587297,BBB,2013J,last,15007,CMA
464525,BBB,2013J,last,15007,CMA
588117,BBB,2013J,last,15007,CMA
588355,BBB,2013J,last,15007,CMA
588642,BBB,2013J,last,15007,CMA
586581,BBB,2013J,last,15007,CMA
586742,BBB,2013J,last,15007,CMA
586843,BBB,2013J,last,15007,CMA
587223,BBB,2013J,last,15007,CMA
587754,BBB,2013J,last,15007,CMA
587755,BBB,2013J,last,15007,CMA
587810,BBB,2013J,last,15007,CMA
586996,BBB,2013J,last,15007,CMA
484135,BBB,2013J,last,15007,CMA
484301,BBB,2013J,last,15007,CMA
484412,BBB,2013J,last,15007,CMA
582123,BBB,2013J,last,15007,CMA
447086,BBB,2013J,last,15007,CMA
447516,BBB,2013J,last,15007,CMA
533091,BBB,2013J,last,15007,CMA
531384,BBB,2013J,last,15007,CMA
532335,BBB,2013J,last,15007,CMA
532615,BBB,2013J,last,15007,CMA
582958,BBB,2013J,last,15007,CMA
581586,BBB,2013J,last,15007,CMA
482356,BBB,2013J,last,15007,CMA
582190,BBB,2013J,last,15007,CMA
582305,BBB,2013J,last,15007,CMA
470869,BBB,2013J,last,15007,CMA
471196,BBB,2013J,last,15007,CMA
471711,BBB,2013J,last,15007,CMA
587192,BBB,2013J,last,15007,CMA
587194,BBB,2013J,last,15007,CMA
591501,BBB,2013J,last,15007,CMA
479170,BBB,2013J,last,15007,CMA
592496,BBB,2013J,last,15007,CMA
592618,BBB,2013J,last,15007,CMA
479305,BBB,2013J,last,15007,CMA
472262,BBB,2013J,last,15007,CMA
472327,BBB,2013J,last,15007,CMA
474071,BBB,2013J,last,15007,CMA
476278,BBB,2013J,last,15007,CMA
479020,BBB,2013J,last,15007,CMA
482680,BBB,2013J,last,15007,CMA
482810,BBB,2013J,last,15007,CMA
590231,BBB,2013J,last,15007,CMA
591518,BBB,2013J,last,15007,CMA
591589,BBB,2013J,last,15007,CMA
591787,BBB,2013J,last,15007,CMA
590325,BBB,2013J,last,15007,CMA
591299,BBB,2013J,last,15007,CMA
587418,BBB,2013J,last,15007,CMA
587423,BBB,2013J,last,15007,CMA
586416,BBB,2013J,last,15007,CMA
586535,BBB,2013J,last,15007,CMA
583433,BBB,2013J,last,15007,CMA
583459,BBB,2013J,last,15007,CMA
583473,BBB,2013J,last,15007,CMA
583609,BBB,2013J,last,15007,CMA
466800,BBB,2013J,last,15007,CMA
591420,BBB,2013J,last,15007,CMA
483646,BBB,2013J,last,15007,CMA
483876,BBB,2013J,last,15007,CMA
479853,BBB,2013J,last,15007,CMA
480888,BBB,2013J,last,15007,CMA
477825,BBB,2013J,last,15007,CMA
478967,BBB,2013J,last,15007,CMA
582878,BBB,2013J,last,15007,CMA
430392,BBB,2013J,last,15007,CMA
583098,BBB,2013J,last,15007,CMA
582406,BBB,2013J,last,15007,CMA
580883,BBB,2013J,last,15007,CMA
580960,BBB,2013J,last,15007,CMA
581139,BBB,2013J,last,15007,CMA
581305,BBB,2013J,last,15007,CMA
582650,BBB,2013J,last,15007,CMA
582940,BBB,2013J,last,15007,CMA
585693,BBB,2013J,last,15007,CMA
585779,BBB,2013J,last,15007,CMA
586078,BBB,2013J,last,15007,CMA
586165,BBB,2013J,last,15007,CMA
586346,BBB,2013J,last,15007,CMA
582578,BBB,2013J,last,15007,CMA
583039,BBB,2013J,last,15007,CMA
578546,BBB,2013J,last,15007,CMA
558983,BBB,2013J,last,15007,CMA
583113,BBB,2013J,last,15007,CMA
583142,BBB,2013J,last,15007,CMA
583170,BBB,2013J,last,15007,CMA
582474,BBB,2013J,last,15007,CMA
582574,BBB,2013J,last,15007,CMA
582333,BBB,2013J,last,15007,CMA
582636,BBB,2013J,last,15007,CMA
577915,BBB,2013J,last,15007,CMA
440225,BBB,2013J,last,15007,CMA
440563,BBB,2013J,last,15007,CMA
434585,BBB,2013J,last,15007,CMA
438068,BBB,2013J,last,15007,CMA
438551,BBB,2013J,last,15007,CMA
530841,BBB,2013J,last,15007,CMA
532750,BBB,2013J,last,15007,CMA
532868,BBB,2013J,last,15007,CMA
532869,BBB,2013J,last,15007,CMA
584178,BBB,2013J,last,15007,CMA
584408,BBB,2013J,last,15007,CMA
584813,BBB,2013J,last,15007,CMA
583240,BBB,2013J,last,15007,CMA
530487,BBB,2013J,last,15007,CMA
585212,BBB,2013J,last,15007,CMA
587985,BBB,2013J,last,15007,CMA
469878,BBB,2013J,last,15007,CMA
583708,BBB,2013J,last,15007,CMA
583873,BBB,2013J,last,15007,CMA
533301,BBB,2013J,last,15007,CMA
534133,BBB,2013J,last,15007,CMA
466202,BBB,2013J,last,15007,CMA
590362,BBB,2013J,last,15007,CMA
585200,BBB,2013J,last,15007,CMA
578447,BBB,2013J,last,15007,CMA
579619,BBB,2013J,last,15007,CMA
579571,BBB,2013J,last,15007,CMA
579549,BBB,2013J,last,15007,CMA
579316,BBB,2013J,last,15007,CMA
585611,BBB,2013J,last,15007,CMA
581431,BBB,2013J,last,15007,CMA
584042,BBB,2013J,last,15007,CMA
583977,BBB,2013J,last,15007,CMA
583970,BBB,2013J,last,15007,CMA
583964,BBB,2013J,last,15007,CMA
585603,BBB,2013J,last,15007,CMA
585406,BBB,2013J,last,15007,CMA
582394,BBB,2013J,last,15007,CMA
556175,BBB,2013J,last,15007,CMA
551347,BBB,2013J,last,15007,CMA
550880,BBB,2013J,last,15007,CMA
551031,BBB,2013J,last,15007,CMA
550412,BBB,2013J,last,15007,CMA
549586,BBB,2013J,last,15007,CMA
549918,BBB,2013J,last,15007,CMA
545200,BBB,2013J,last,15007,CMA
552622,BBB,2013J,last,15007,CMA
556228,BBB,2013J,last,15007,CMA
556592,BBB,2013J,last,15007,CMA
546941,BBB,2013J,last,15007,CMA
545443,BBB,2013J,last,15007,CMA
336478,BBB,2013J,last,15007,CMA
338741,BBB,2013J,last,15007,CMA
396114,BBB,2013J,last,15007,CMA
514302,BBB,2013J,last,15007,CMA
494214,BBB,2013J,last,15007,CMA
491279,BBB,2013J,last,15007,CMA
519294,BBB,2013J,last,15007,CMA
519584,BBB,2013J,last,15007,CMA
517352,BBB,2013J,last,15007,CMA
518126,BBB,2013J,last,15007,CMA
544122,BBB,2013J,last,15007,CMA
325887,BBB,2013J,last,15007,CMA
389471,BBB,2013J,last,15007,CMA
390958,BBB,2013J,last,15007,CMA
392060,BBB,2013J,last,15007,CMA
393327,BBB,2013J,last,15007,CMA
385820,BBB,2013J,last,15007,CMA
386889,BBB,2013J,last,15007,CMA
545462,BBB,2013J,last,15007,CMA
372658,BBB,2013J,last,15007,CMA
503516,BBB,2013J,last,15007,CMA
508028,BBB,2013J,last,15007,CMA
549445,BBB,2013J,last,15007,CMA
556972,BBB,2013J,last,15007,CMA
540249,BBB,2013J,last,15007,CMA
540293,BBB,2013J,last,15007,CMA
540602,BBB,2013J,last,15007,CMA
538210,BBB,2013J,last,15007,CMA
365631,BBB,2013J,last,15007,CMA
542574,BBB,2013J,last,15007,CMA
540682,BBB,2013J,last,15007,CMA
541274,BBB,2013J,last,15007,CMA
541586,BBB,2013J,last,15007,CMA
558661,BBB,2013J,last,15007,CMA
558962,BBB,2013J,last,15007,CMA
514043,BBB,2013J,last,15007,CMA
368077,BBB,2013J,last,15007,CMA
493465,BBB,2013J,last,15007,CMA
551219,BBB,2013J,last,15007,CMA
551234,BBB,2013J,last,15007,CMA
551205,BBB,2013J,last,15007,CMA
551836,BBB,2013J,last,15007,CMA
551802,BBB,2013J,last,15007,CMA
552205,BBB,2013J,last,15007,CMA
552116,BBB,2013J,last,15007,CMA
542296,BBB,2013J,last,15007,CMA
541702,BBB,2013J,last,15007,CMA
543279,BBB,2013J,last,15007,CMA
546196,BBB,2013J,last,15007,CMA
329030,BBB,2013J,last,15007,CMA
589067,BBB,2013J,last,15007,CMA
517000,BBB,2013J,last,15007,CMA
527799,BBB,2013J,last,15007,CMA
524790,BBB,2013J,last,15007,CMA
525974,BBB,2013J,last,15007,CMA
523466,BBB,2013J,last,15007,CMA
523545,BBB,2013J,last,15007,CMA
588883,BBB,2013J,last,15007,CMA
588910,BBB,2013J,last,15007,CMA
516364,BBB,2013J,last,15007,CMA
523928,BBB,2013J,last,15007,CMA
593631,BBB,2013J,last,15007,CMA
593685,BBB,2013J,last,15007,CMA
593694,BBB,2013J,last,15007,CMA
593695,BBB,2013J,last,15007,CMA
592480,BBB,2013J,last,15007,CMA
527393,BBB,2013J,last,15007,CMA
589950,BBB,2013J,last,15007,CMA
590372,BBB,2013J,last,15007,CMA
590625,BBB,2013J,last,15007,CMA
587722,BBB,2013J,last,15007,CMA
587732,BBB,2013J,last,15007,CMA
590994,BBB,2013J,last,15007,CMA
591030,BBB,2013J,last,15007,CMA
589508,BBB,2013J,last,15007,CMA
589903,BBB,2013J,last,15007,CMA
527580,BBB,2013J,last,15007,CMA
590202,BBB,2013J,last,15007,CMA
589123,BBB,2013J,last,15007,CMA
589296,BBB,2013J,last,15007,CMA
589302,BBB,2013J,last,15007,CMA
589411,BBB,2013J,last,15007,CMA
528464,BBB,2013J,last,15007,CMA
515676,BBB,2013J,last,15007,CMA
518223,BBB,2013J,last,15007,CMA
520325,BBB,2013J,last,15007,CMA
521341,BBB,2013J,last,15007,CMA
521590,BBB,2013J,last,15007,CMA
522714,BBB,2013J,last,15007,CMA
522792,BBB,2013J,last,15007,CMA
522889,BBB,2013J,last,15007,CMA
522891,BBB,2013J,last,15007,CMA
522894,BBB,2013J,last,15007,CMA
507016,BBB,2013J,last,15007,CMA
518258,BBB,2013J,last,15007,CMA
518496,BBB,2013J,last,15007,CMA
522434,BBB,2013J,last,15007,CMA
522441,BBB,2013J,last,15007,CMA
520002,BBB,2013J,last,15007,CMA
520006,BBB,2013J,last,15007,CMA
520286,BBB,2013J,last,15007,CMA
578578,BBB,2013J,last,15007,CMA
506804,BBB,2013J,last,15007,CMA
510149,BBB,2013J,last,15007,CMA
509913,BBB,2013J,last,15007,CMA
509607,BBB,2013J,last,15007,CMA
522426,BBB,2013J,last,15007,CMA
521895,BBB,2013J,last,15007,CMA
522899,BBB,2013J,last,15007,CMA
523875,BBB,2013J,last,15007,CMA
523857,BBB,2013J,last,15007,CMA
522529,BBB,2013J,last,15007,CMA
522446,BBB,2013J,last,15007,CMA
592205,BBB,2013J,last,15007,CMA
592147,BBB,2013J,last,15007,CMA
591820,BBB,2013J,last,15007,CMA
592772,BBB,2013J,last,15007,CMA
426458,BBB,2013J,last,15007,CMA
560773,BBB,2013J,last,15007,CMA
559851,BBB,2013J,last,15007,CMA
387700,BBB,2013J,last,15007,CMA
370859,BBB,2013J,last,15007,CMA
1405594,BBB,2013J,last,15007,CMA
383571,BBB,2013J,last,15007,CMA
536632,BBB,2013J,last,15007,CMA
433864,BBB,2013J,last,15007,CMA
1411627,BBB,2013J,last,15007,CMA
429610,BBB,2013J,last,15007,CMA
563794,BBB,2013J,last,15007,CMA
564105,BBB,2013J,last,15007,CMA
564129,BBB,2013J,last,15007,CMA
564245,BBB,2013J,last,15007,CMA
534323,BBB,2013J,last,15007,CMA
536318,BBB,2013J,last,15007,CMA
404671,BBB,2013J,last,15007,CMA
561841,BBB,2013J,last,15007,CMA
561312,BBB,2013J,last,15007,CMA
560074,BBB,2013J,last,15007,CMA
559414,BBB,2013J,last,15007,CMA
559584,BBB,2013J,last,15007,CMA
559168,BBB,2013J,last,15007,CMA
559382,BBB,2013J,last,15007,CMA
534816,BBB,2013J,last,15007,CMA
566814,BBB,2013J,last,15007,CMA
567033,BBB,2013J,last,15007,CMA
536649,BBB,2013J,last,15007,CMA
536666,BBB,2013J,last,15007,CMA
536852,BBB,2013J,last,15007,CMA
536992,BBB,2013J,last,15007,CMA
535833,BBB,2013J,last,15007,CMA
569862,BBB,2013J,last,15007,CMA
566369,BBB,2013J,last,15007,CMA
566392,BBB,2013J,last,15007,CMA
566813,BBB,2013J,last,15007,CMA
563706,BBB,2013J,last,15007,CMA
563733,BBB,2013J,last,15007,CMA
563735,BBB,2013J,last,15007,CMA
409930,BBB,2013J,last,15007,CMA
569854,BBB,2013J,last,15007,CMA
566358,BBB,2013J,last,15007,CMA
567929,BBB,2013J,last,15007,CMA
567958,BBB,2013J,last,15007,CMA
568502,BBB,2013J,last,15007,CMA
583012,BBB,2013J,last,15007,CMA
410842,BBB,2013J,last,15007,CMA
565919,BBB,2013J,last,15007,CMA
568533,BBB,2013J,last,15007,CMA
404269,BBB,2013J,last,15007,CMA
561457,BBB,2013J,last,15007,CMA
535379,BBB,2013J,last,15007,CMA
389101,BBB,2013J,last,15007,CMA
388975,BBB,2013J,last,15007,CMA
561640,BBB,2013J,last,15007,CMA
561591,BBB,2013J,last,15007,CMA
562090,BBB,2013J,last,15007,CMA
563769,BBB,2013J,last,15007,CMA
569141,BBB,2013J,last,15007,CMA
569035,BBB,2013J,last,15007,CMA
570271,BBB,2013J,last,15007,CMA
570168,BBB,2013J,last,15007,CMA
534998,BBB,2013J,last,15007,CMA
534946,BBB,2013J,last,15007,CMA
505413,BBB,2013J,last,15007,CMA
490677,BBB,2013J,last,15007,CMA
485762,BBB,2013J,last,15007,CMA
485772,BBB,2013J,last,15007,CMA
486004,BBB,2013J,last,15007,CMA
486457,BBB,2013J,last,15007,CMA
487371,BBB,2013J,last,15007,CMA
485534,BBB,2013J,last,15007,CMA
543428,BBB,2013J,last,15007,CMA
512775,BBB,2013J,last,15007,CMA
514776,BBB,2013J,last,15007,CMA
514864,BBB,2013J,last,15007,CMA
512940,BBB,2013J,last,15007,CMA
512977,BBB,2013J,last,15007,CMA
511678,BBB,2013J,last,15007,CMA
512417,BBB,2013J,last,15007,CMA
329192,BBB,2013J,last,15007,CMA
503804,BBB,2013J,last,15007,CMA
367433,BBB,2013J,last,15007,CMA
488427,BBB,2013J,last,15007,CMA
488195,BBB,2013J,last,15007,CMA
487681,BBB,2013J,last,15007,CMA
492726,BBB,2013J,last,15007,CMA
492286,BBB,2013J,last,15007,CMA
492153,BBB,2013J,last,15007,CMA
491966,BBB,2013J,last,15007,CMA
557652,BBB,2013J,last,15007,CMA
560567,BBB,2013J,last,15007,CMA
352112,BBB,2013J,last,15007,CMA
349554,BBB,2013J,last,15007,CMA
1726951,BBB,2013J,last,15007,CMA
364871,BBB,2013J,last,15007,CMA
364073,BBB,2013J,last,15007,CMA
553078,BBB,2013J,last,15007,CMA
495035,BBB,2013J,last,15007,CMA
495449,BBB,2013J,last,15007,CMA
495509,BBB,2013J,last,15007,CMA
495625,BBB,2013J,last,15007,CMA
493453,BBB,2013J,last,15007,CMA
542707,BBB,2013J,last,15007,CMA
553825,BBB,2013J,last,15007,CMA
553856,BBB,2013J,last,15007,CMA
494960,BBB,2013J,last,15007,CMA
552339,BBB,2013J,last,15007,CMA
552399,BBB,2013J,last,15007,CMA
552515,BBB,2013J,last,15007,CMA
565582,BBB,2013J,last,15007,CMA
409945,BBB,2013J,last,15007,CMA
410052,BBB,2013J,last,15007,CMA
410357,BBB,2013J,last,15007,CMA
410537,BBB,2013J,last,15007,CMA
494471,BBB,2013J,last,15007,CMA
497130,BBB,2013J,last,15007,CMA
503322,BBB,2013J,last,15007,CMA
496764,BBB,2013J,last,15007,CMA
496442,BBB,2013J,last,15007,CMA
495879,BBB,2013J,last,15007,CMA
498755,BBB,2013J,last,15007,CMA
498635,BBB,2013J,last,15007,CMA
498543,BBB,2013J,last,15007,CMA
500552,BBB,2013J,last,15007,CMA
500016,BBB,2013J,last,15007,CMA
501637,BBB,2013J,last,15007,CMA
504022,BBB,2013J,last,15007,CMA
504013,BBB,2013J,last,15007,CMA
433280,BBB,2013J,last,15007,CMA
571693,BBB,2013J,last,15007,CMA
572436,BBB,2013J,last,15007,CMA
572504,BBB,2013J,last,15007,CMA
572508,BBB,2013J,last,15007,CMA
572514,BBB,2013J,last,15007,CMA
430708,BBB,2013J,last,15007,CMA
432144,BBB,2013J,last,15007,CMA
432237,BBB,2013J,last,15007,CMA
571554,BBB,2013J,last,15007,CMA
577069,BBB,2013J,last,15007,CMA
577096,BBB,2013J,last,15007,CMA
577099,BBB,2013J,last,15007,CMA
575681,BBB,2013J,last,15007,CMA
575929,BBB,2013J,last,15007,CMA
575930,BBB,2013J,last,15007,CMA
576158,BBB,2013J,last,15007,CMA
576882,BBB,2013J,last,15007,CMA
577256,BBB,2013J,last,15007,CMA
577280,BBB,2013J,last,15007,CMA
577286,BBB,2013J,last,15007,CMA
567363,BBB,2013J,last,15007,CMA
577498,BBB,2013J,last,15007,CMA
577648,BBB,2013J,last,15007,CMA
572733,BBB,2013J,last,15007,CMA
572752,BBB,2013J,last,15007,CMA
576483,BBB,2013J,last,15007,CMA
576935,BBB,2013J,last,15007,CMA
445760,BBB,2013J,last,15007,CMA
446345,BBB,2013J,last,15007,CMA
442910,BBB,2013J,last,15007,CMA
444821,BBB,2013J,last,15007,CMA
571503,BBB,2013J,last,15007,CMA
571516,BBB,2013J,last,15007,CMA
577824,BBB,2013J,last,15007,CMA
573453,BBB,2013J,last,15007,CMA
573519,BBB,2013J,last,15007,CMA
573578,BBB,2013J,last,15007,CMA
573654,BBB,2013J,last,15007,CMA
578600,BBB,2013J,last,15007,CMA
578676,BBB,2013J,last,15007,CMA
578717,BBB,2013J,last,15007,CMA
577680,BBB,2013J,last,15007,CMA
574065,BBB,2013J,last,15007,CMA
577914,BBB,2013J,last,15007,CMA
580880,BBB,2013J,last,15007,CMA
579279,BBB,2013J,last,15007,CMA
578030,BBB,2013J,last,15007,CMA
578109,BBB,2013J,last,15007,CMA
578197,BBB,2013J,last,15007,CMA
582975,BBB,2013J,last,15007,CMA
577376,BBB,2013J,last,15007,CMA
573893,BBB,2013J,last,15007,CMA
573411,BBB,2013J,last,15007,CMA
580646,BBB,2013J,last,15007,CMA
580612,BBB,2013J,last,15007,CMA
580540,BBB,2013J,last,15007,CMA
580346,BBB,2013J,last,15007,CMA
580094,BBB,2013J,last,15007,CMA
579762,BBB,2013J,last,15007,CMA
575560,BBB,2013J,last,15007,CMA
575387,BBB,2013J,last,15007,CMA
575124,BBB,2013J,last,15007,CMA
575018,BBB,2013J,last,15007,CMA
574973,BBB,2013J,last,15007,CMA
576600,BBB,2013J,last,15007,CMA
572051,BBB,2013J,last,15007,CMA
566339,BBB,2013J,last,15007,CMA
566346,BBB,2013J,last,15007,CMA
564898,BBB,2013J,last,15007,CMA
570759,BBB,2013J,last,15007,CMA
570783,BBB,2013J,last,15007,CMA
571083,BBB,2013J,last,15007,CMA
571441,BBB,2013J,last,15007,CMA
571907,BBB,2013J,last,15007,CMA
566133,BBB,2013J,last,15007,CMA
572067,BBB,2013J,last,15007,CMA
572103,BBB,2013J,last,15007,CMA
574320,BBB,2013J,last,15007,CMA
574549,BBB,2013J,last,15007,CMA
574648,BBB,2013J,last,15007,CMA
573821,BBB,2013J,last,15007,CMA
571779,BBB,2013J,last,15007,CMA
573433,BBB,2013J,last,15007,CMA
398891,BBB,2013J,last,15007,CMA
567402,BBB,2013J,last,15007,CMA
567500,BBB,2013J,last,15007,CMA
567627,BBB,2013J,last,15007,CMA
567754,BBB,2013J,last,15007,CMA
572416,BBB,2013J,last,15007,CMA
564958,BBB,2013J,last,15007,CMA
565513,BBB,2013J,last,15007,CMA
404708,BBB,2013J,last,15007,CMA
571871,BBB,2013J,last,15007,CMA
565607,BBB,2013J,last,15007,CMA
565715,BBB,2013J,last,15007,CMA
565888,BBB,2013J,last,15007,CMA
564268,BBB,2013J,last,15007,CMA
569930,BBB,2013J,last,15007,CMA
570137,BBB,2013J,last,15007,CMA
570157,BBB,2013J,last,15007,CMA
576841,BBB,2013J,last,15007,CMA
414028,BBB,2013J,last,15007,CMA
414350,BBB,2013J,last,15007,CMA
414495,BBB,2013J,last,15007,CMA
405945,BBB,2013J,last,15007,CMA
408975,BBB,2013J,last,15007,CMA
421018,BBB,2013J,last,15007,CMA
422479,BBB,2013J,last,15007,CMA
423399,BBB,2013J,last,15007,CMA
570623,BBB,2013J,last,15007,CMA
573777,BBB,2013J,last,15007,CMA
573790,BBB,2013J,last,15007,CMA
572765,BBB,2013J,last,15007,CMA
572898,BBB,2013J,last,15007,CMA
573043,BBB,2013J,last,15007,CMA
573063,BBB,2013J,last,15007,CMA
573225,BBB,2013J,last,15007,CMA
439182,BBB,2013J,last,15007,CMA
570351,BBB,2013J,last,15007,CMA
415216,BBB,2013J,last,15007,CMA
419375,BBB,2013J,last,15007,CMA
420724,BBB,2013J,last,15007,CMA
574125,BBB,2013J,last,15007,CMA
574194,BBB,2013J,last,15007,CMA
574212,BBB,2013J,last,15007,CMA
574250,BBB,2013J,last,15007,CMA
624799,BBB,2014B,last,15010,TMA
578282,BBB,2014B,last,15010,TMA
565009,BBB,2014B,last,15010,TMA
547018,BBB,2014B,last,15010,TMA
50069,BBB,2014B,last,15011,TMA
375717,BBB,2014B,last,15011,TMA
633394,BBB,2014B,last,15011,TMA
2133207,BBB,2014B,last,15011,TMA
338168,BBB,2014B,last,15011,TMA
534143,BBB,2014B,last,15011,TMA
288967,BBB,2014B,last,15012,TMA
627685,BBB,2014B,last,15013,TMA
625094,BBB,2014B,last,15013,TMA
625124,BBB,2014B,last,15013,TMA
624046,BBB,2014B,last,15013,TMA
624069,BBB,2014B,last,15013,TMA
624196,BBB,2014B,last,15013,TMA
625390,BBB,2014B,last,15013,TMA
625444,BBB,2014B,last,15013,TMA
627948,BBB,2014B,last,15013,TMA
628635,BBB,2014B,last,15013,TMA
628941,BBB,2014B,last,15013,TMA
627380,BBB,2014B,last,15013,TMA
628301,BBB,2014B,last,15013,TMA
628328,BBB,2014B,last,15013,TMA
628389,BBB,2014B,last,15013,TMA
628423,BBB,2014B,last,15013,TMA
625024,BBB,2014B,last,15013,TMA
627777,BBB,2014B,last,15013,TMA
630778,BBB,2014B,last,15013,TMA
630794,BBB,2014B,last,15013,TMA
628006,BBB,2014B,last,15013,TMA
628119,BBB,2014B,last,15013,TMA
628176,BBB,2014B,last,15013,TMA
628178,BBB,2014B,last,15013,TMA
628180,BBB,2014B,last,15013,TMA
627285,BBB,2014B,last,15013,TMA
626928,BBB,2014B,last,15013,TMA
626966,BBB,2014B,last,15013,TMA
623935,BBB,2014B,last,15013,TMA
624011,BBB,2014B,last,15013,TMA
626604,BBB,2014B,last,15013,TMA
627185,BBB,2014B,last,15013,TMA
632302,BBB,2014B,last,15013,TMA
632454,BBB,2014B,last,15013,TMA
632503,BBB,2014B,last,15013,TMA
632578,BBB,2014B,last,15013,TMA
631530,BBB,2014B,last,15013,TMA
626352,BBB,2014B,last,15013,TMA
626365,BBB,2014B,last,15013,TMA
627388,BBB,2014B,last,15013,TMA
627403,BBB,2014B,last,15013,TMA
627509,BBB,2014B,last,15013,TMA
635113,BBB,2014B,last,15013,TMA
627647,BBB,2014B,last,15013,TMA
630763,BBB,2014B,last,15013,TMA
627179,BBB,2014B,last,15013,TMA
626642,BBB,2014B,last,15013,TMA
627190,BBB,2014B,last,15013,TMA
630608,BBB,2014B,last,15013,TMA
630718,BBB,2014B,last,15013,TMA
630736,BBB,2014B,last,15013,TMA
630028,BBB,2014B,last,15013,TMA
630030,BBB,2014B,last,15013,TMA
630876,BBB,2014B,last,15013,TMA
630944,BBB,2014B,last,15013,TMA
630372,BBB,2014B,last,15013,TMA
630393,BBB,2014B,last,15013,TMA
629103,BBB,2014B,last,15013,TMA
629240,BBB,2014B,last,15013,TMA
630561,BBB,2014B,last,15013,TMA
630586,BBB,2014B,last,15013,TMA
635591,BBB,2014B,last,15013,TMA
633386,BBB,2014B,last,15013,TMA
633472,BBB,2014B,last,15013,TMA
633499,BBB,2014B,last,15013,TMA
633560,BBB,2014B,last,15013,TMA
633646,BBB,2014B,last,15013,TMA
633650,BBB,2014B,last,15013,TMA
635788,BBB,2014B,last,15013,TMA
536286,BBB,2014B,last,15013,TMA
632823,BBB,2014B,last,15013,TMA
633024,BBB,2014B,last,15013,TMA
633130,BBB,2014B,last,15013,TMA
631848,BBB,2014B,last,15013,TMA
622766,BBB,2014B,last,15013,TMA
635435,BBB,2014B,last,15013,TMA
632084,BBB,2014B,last,15013,TMA
635755,BBB,2014B,last,15013,TMA
635761,BBB,2014B,last,15013,TMA
635771,BBB,2014B,last,15013,TMA
635773,BBB,2014B,last,15013,TMA
635774,BBB,2014B,last,15013,TMA
202394,BBB,2014B,last,15013,TMA
235428,BBB,2014B,last,15013,TMA
236161,BBB,2014B,last,15013,TMA
268301,BBB,2014B,last,15013,TMA
250123,BBB,2014B,last,15013,TMA
252652,BBB,2014B,last,15013,TMA
244064,BBB,2014B,last,15013,TMA
123462,BBB,2014B,last,15013,TMA
635433,BBB,2014B,last,15013,TMA
625713,BBB,2014B,last,15013,TMA
626841,BBB,2014B,last,15013,TMA
625833,BBB,2014B,last,15013,TMA
625919,BBB,2014B,last,15013,TMA
626046,BBB,2014B,last,15013,TMA
627000,BBB,2014B,last,15013,TMA
627115,BBB,2014B,last,15013,TMA
626138,BBB,2014B,last,15013,TMA
626164,BBB,2014B,last,15013,TMA
626254,BBB,2014B,last,15013,TMA
625185,BBB,2014B,last,15013,TMA
625249,BBB,2014B,last,15013,TMA
626491,BBB,2014B,last,15013,TMA
626555,BBB,2014B,last,15013,TMA
625514,BBB,2014B,last,15013,TMA
627549,BBB,2014B,last,15013,TMA
625816,BBB,2014B,last,15013,TMA
628516,BBB,2014B,last,15013,TMA
628580,BBB,2014B,last,15013,TMA
628616,BBB,2014B,last,15013,TMA
626123,BBB,2014B,last,15013,TMA
626126,BBB,2014B,last,15013,TMA
171751,BBB,2014B,last,15013,TMA
633929,BBB,2014B,last,15013,TMA
633935,BBB,2014B,last,15013,TMA
633208,BBB,2014B,last,15013,TMA
633257,BBB,2014B,last,15013,TMA
634230,BBB,2014B,last,15013,TMA
634265,BBB,2014B,last,15013,TMA
634280,BBB,2014B,last,15013,TMA
631109,BBB,2014B,last,15013,TMA
117699,BBB,2014B,last,15013,TMA
99799,BBB,2014B,last,15013,TMA
103535,BBB,2014B,last,15013,TMA
546202,BBB,2014B,last,15013,TMA
247513,BBB,2014B,last,15013,TMA
634483,BBB,2014B,last,15013,TMA
119471,BBB,2014B,last,15013,TMA
632254,BBB,2014B,last,15013,TMA
631679,BBB,2014B,last,15013,TMA
631724,BBB,2014B,last,15013,TMA
631766,BBB,2014B,last,15013,TMA
631777,BBB,2014B,last,15013,TMA
108799,BBB,2014B,last,15013,TMA
631225,BBB,2014B,last,15013,TMA
630451,BBB,2014B,last,15013,TMA
631384,BBB,2014B,last,15013,TMA
631441,BBB,2014B,last,15013,TMA
631445,BBB,2014B,last,15013,TMA
631492,BBB,2014B,last,15013,TMA
631515,BBB,2014B,last,15013,TMA
634477,BBB,2014B,last,15013,TMA
634481,BBB,2014B,last,15013,TMA
634833,BBB,2014B,last,15013,TMA
59725,BBB,2014B,last,15013,TMA
634944,BBB,2014B,last,15013,TMA
624661,BBB,2014B,last,15013,TMA
633669,BBB,2014B,last,15013,TMA
635122,BBB,2014B,last,15013,TMA
635173,BBB,2014B,last,15013,TMA
635228,BBB,2014B,last,15013,TMA
635230,BBB,2014B,last,15013,TMA
635241,BBB,2014B,last,15013,TMA
635244,BBB,2014B,last,15013,TMA
634851,BBB,2014B,last,15013,TMA
634075,BBB,2014B,last,15013,TMA
634077,BBB,2014B,last,15013,TMA
97006,BBB,2014B,last,15013,TMA
634976,BBB,2014B,last,15013,TMA
635011,BBB,2014B,last,15013,TMA
72400,BBB,2014B,last,15013,TMA
624592,BBB,2014B,last,15013,TMA
624415,BBB,2014B,last,15013,TMA
624406,BBB,2014B,last,15013,TMA
155631,BBB,2014B,last,15013,TMA
2534954,BBB,2014B,last,15013,TMA
559336,BBB,2014B,last,15013,TMA
201431,BBB,2014B,last,15013,TMA
125055,BBB,2014B,last,15013,TMA
629060,BBB,2014B,last,15013,TMA
148427,BBB,2014B,last,15013,TMA
632658,BBB,2014B,last,15013,TMA
632682,BBB,2014B,last,15013,TMA
165904,BBB,2014B,last,15013,TMA
632704,BBB,2014B,last,15013,TMA
630260,BBB,2014B,last,15013,TMA
630315,BBB,2014B,last,15013,TMA
628954,BBB,2014B,last,15013,TMA
159293,BBB,2014B,last,15013,TMA
89778,BBB,2014B,last,15013,TMA
629026,BBB,2014B,last,15013,TMA
629891,BBB,2014B,last,15013,TMA
628181,BBB,2014B,last,15013,TMA
90361,BBB,2014B,last,15013,TMA
157276,BBB,2014B,last,15013,TMA
470331,BBB,2014B,last,15013,TMA
628190,BBB,2014B,last,15013,TMA
628287,BBB,2014B,last,15013,TMA
629274,BBB,2014B,last,15013,TMA
629554,BBB,2014B,last,15013,TMA
631613,BBB,2014B,last,15013,TMA
632712,BBB,2014B,last,15013,TMA
60416,BBB,2014B,last,15013,TMA
630443,BBB,2014B,last,15013,TMA
140719,BBB,2014B,last,15013,TMA
89092,BBB,2014B,last,15013,TMA
631081,BBB,2014B,last,15013,TMA
631086,BBB,2014B,last,15013,TMA
631108,BBB,2014B,last,15013,TMA
630415,BBB,2014B,last,15013,TMA
629886,BBB,2014B,last,15013,TMA
634286,BBB,2014B,last,15013,TMA
634304,BBB,2014B,last,15013,TMA
633570,BBB,2014B,last,15013,TMA
633603,BBB,2014B,last,15013,TMA
634491,BBB,2014B,last,15013,TMA
634606,BBB,2014B,last,15013,TMA
634715,BBB,2014B,last,15013,TMA
139250,BBB,2014B,last,15013,TMA
633590,BBB,2014B,last,15013,TMA
629619,BBB,2014B,last,15013,TMA
123270,BBB,2014B,last,15016,CMA
365111,BBB,2014B,last,15016,CMA
634058,BBB,2014B,last,15016,CMA
92341,BBB,2014B,last,15016,CMA
612600,BBB,2014B,last,15016,CMA
435282,BBB,2014B,last,15016,CMA
304607,BBB,2014B,last,15016,CMA
579255,BBB,2014B,last,15017,CMA
612120,BBB,2014B,last,15017,CMA
632148,BBB,2014B,last,15018,CMA
613946,BBB,2014B,last,15018,CMA
624653,BBB,2014B,last,15018,CMA
2444501,BBB,2014B,last,15018,CMA
2392789,BBB,2014B,last,15018,CMA
602991,BBB,2014B,last,15018,CMA
602815,BBB,2014B,last,15018,CMA
247292,BBB,2014B,last,15018,CMA
616511,BBB,2014B,last,15018,CMA
615028,BBB,2014B,last,15018,CMA
614745,BBB,2014B,last,15018,CMA
553808,BBB,2014B,last,15018,CMA
444858,BBB,2014B,last,15018,CMA
563986,BBB,2014B,last,15018,CMA
587181,BBB,2014B,last,15018,CMA
587538,BBB,2014B,last,15018,CMA
629094,BBB,2014B,last,15018,CMA
630345,BBB,2014B,last,15018,CMA
630029,BBB,2014B,last,15018,CMA
626297,BBB,2014B,last,15018,CMA
567059,BBB,2014B,last,15018,CMA
614693,BBB,2014B,last,15018,CMA
444561,BBB,2014B,last,15018,CMA
632752,BBB,2014B,last,15018,CMA
631561,BBB,2014B,last,15018,CMA
532274,BBB,2014B,last,15018,CMA
607678,BBB,2014B,last,15018,CMA
608110,BBB,2014B,last,15018,CMA
631341,BBB,2014B,last,15018,CMA
621862,BBB,2014B,last,15018,CMA
613038,BBB,2014B,last,15018,CMA
613047,BBB,2014B,last,15018,CMA
628379,BBB,2014B,last,15018,CMA
397312,BBB,2014B,last,15018,CMA
626917,BBB,2014B,last,15018,CMA
631650,BBB,2014B,last,15018,CMA
1780949,BBB,2014B,last,15018,CMA
557029,BBB,2014B,last,15018,CMA
372997,BBB,2014B,last,15018,CMA
599161,BBB,2014B,last,15018,CMA
625167,BBB,2014B,last,15018,CMA
494896,BBB,2014B,last,15018,CMA
2592923,BBB,2014B,last,15018,CMA
635136,BBB,2014B,last,15018,CMA
613856,BBB,2014B,last,15018,CMA
206003,BBB,2014B,last,15019,CMA
226747,BBB,2014B,last,15019,CMA
285567,BBB,2014B,last,15019,CMA
2482994,BBB,2014B,last,15019,CMA
2446599,BBB,2014B,last,15019,CMA
228784,BBB,2014B,last,15019,CMA
232539,BBB,2014B,last,15019,CMA
233095,BBB,2014B,last,15019,CMA
233102,BBB,2014B,last,15019,CMA
187257,BBB,2014B,last,15019,CMA
189035,BBB,2014B,last,15019,CMA
190352,BBB,2014B,last,15019,CMA
2476144,BBB,2014B,last,15019,CMA
321346,BBB,2014B,last,15019,CMA
322509,BBB,2014B,last,15019,CMA
318500,BBB,2014B,last,15019,CMA
318876,BBB,2014B,last,15019,CMA
319606,BBB,2014B,last,15019,CMA
2440756,BBB,2014B,last,15019,CMA
554004,BBB,2014B,last,15019,CMA
2591974,BBB,2014B,last,15019,CMA
2570092,BBB,2014B,last,15019,CMA
2541388,BBB,2014B,last,15019,CMA
2523989,BBB,2014B,last,15019,CMA
2526784,BBB,2014B,last,15019,CMA
2533391,BBB,2014B,last,15019,CMA
126608,BBB,2014B,last,15019,CMA
130013,BBB,2014B,last,15019,CMA
132972,BBB,2014B,last,15019,CMA
2571054,BBB,2014B,last,15019,CMA
2574365,BBB,2014B,last,15019,CMA
618869,BBB,2014B,last,15019,CMA
618951,BBB,2014B,last,15019,CMA
618981,BBB,2014B,last,15019,CMA
617225,BBB,2014B,last,15019,CMA
617287,BBB,2014B,last,15019,CMA
617560,BBB,2014B,last,15019,CMA
617576,BBB,2014B,last,15019,CMA
617764,BBB,2014B,last,15019,CMA
617792,BBB,2014B,last,15019,CMA
617813,BBB,2014B,last,15019,CMA
616536,BBB,2014B,last,15019,CMA
616739,BBB,2014B,last,15019,CMA
616919,BBB,2014B,last,15019,CMA
617012,BBB,2014B,last,15019,CMA
614738,BBB,2014B,last,15019,CMA
614871,BBB,2014B,last,15019,CMA
614909,BBB,2014B,last,15019,CMA
615259,BBB,2014B,last,15019,CMA
615443,BBB,2014B,last,15019,CMA
621894,BBB,2014B,last,15019,CMA
622132,BBB,2014B,last,15019,CMA
614212,BBB,2014B,last,15019,CMA
614357,BBB,2014B,last,15019,CMA
613426,BBB,2014B,last,15019,CMA
613722,BBB,2014B,last,15019,CMA
613743,BBB,2014B,last,15019,CMA
613874,BBB,2014B,last,15019,CMA
613881,BBB,2014B,last,15019,CMA
621322,BBB,2014B,last,15019,CMA
621369,BBB,2014B,last,15019,CMA
621394,BBB,2014B,last,15019,CMA
620129,BBB,2014B,last,15019,CMA
620257,BBB,2014B,last,15019,CMA
622208,BBB,2014B,last,15019,CMA
622345,BBB,2014B,last,15019,CMA
620427,BBB,2014B,last,15019,CMA
620507,BBB,2014B,last,15019,CMA
620573,BBB,2014B,last,15019,CMA
620889,BBB,2014B,last,15019,CMA
619196,BBB,2014B,last,15019,CMA
619288,BBB,2014B,last,15019,CMA
620980,BBB,2014B,last,15019,CMA
621301,BBB,2014B,last,15019,CMA
620072,BBB,2014B,last,15019,CMA
620073,BBB,2014B,last,15019,CMA
620092,BBB,2014B,last,15019,CMA
620128,BBB,2014B,last,15019,CMA
624738,BBB,2014B,last,15019,CMA
624847,BBB,2014B,last,15019,CMA
620354,BBB,2014B,last,15019,CMA
620408,BBB,2014B,last,15019,CMA
381909,BBB,2014B,last,15019,CMA
381917,BBB,2014B,last,15019,CMA
383241,BBB,2014B,last,15019,CMA
618145,BBB,2014B,last,15019,CMA
618205,BBB,2014B,last,15019,CMA
618399,BBB,2014B,last,15019,CMA
618670,BBB,2014B,last,15019,CMA
619471,BBB,2014B,last,15019,CMA
623333,BBB,2014B,last,15019,CMA
623654,BBB,2014B,last,15019,CMA
623660,BBB,2014B,last,15019,CMA
624972,BBB,2014B,last,15019,CMA
625021,BBB,2014B,last,15019,CMA
623882,BBB,2014B,last,15019,CMA
622974,BBB,2014B,last,15019,CMA
623169,BBB,2014B,last,15019,CMA
623240,BBB,2014B,last,15019,CMA
623295,BBB,2014B,last,15019,CMA
623845,BBB,2014B,last,15019,CMA
623857,BBB,2014B,last,15019,CMA
622466,BBB,2014B,last,15019,CMA
622505,BBB,2014B,last,15019,CMA
622604,BBB,2014B,last,15019,CMA
622715,BBB,2014B,last,15019,CMA
620922,BBB,2014B,last,15019,CMA
620923,BBB,2014B,last,15019,CMA
622982,BBB,2014B,last,15019,CMA
623168,BBB,2014B,last,15019,CMA
383967,BBB,2014B,last,15019,CMA
613199,BBB,2014B,last,15019,CMA
394067,BBB,2014B,last,15019,CMA
394520,BBB,2014B,last,15019,CMA
396456,BBB,2014B,last,15019,CMA
396799,BBB,2014B,last,15019,CMA
535548,BBB,2014B,last,15019,CMA
563413,BBB,2014B,last,15019,CMA
563487,BBB,2014B,last,15019,CMA
384884,BBB,2014B,last,15019,CMA
381544,BBB,2014B,last,15019,CMA
397747,BBB,2014B,last,15019,CMA
391153,BBB,2014B,last,15019,CMA
392604,BBB,2014B,last,15019,CMA
612841,BBB,2014B,last,15019,CMA
612919,BBB,2014B,last,15019,CMA
405268,BBB,2014B,last,15019,CMA
567048,BBB,2014B,last,15019,CMA
562857,BBB,2014B,last,15019,CMA
561953,BBB,2014B,last,15019,CMA
563754,BBB,2014B,last,15019,CMA
561978,BBB,2014B,last,15019,CMA
612082,BBB,2014B,last,15019,CMA
614583,BBB,2014B,last,15019,CMA
613093,BBB,2014B,last,15019,CMA
613162,BBB,2014B,last,15019,CMA
613170,BBB,2014B,last,15019,CMA
612721,BBB,2014B,last,15019,CMA
612756,BBB,2014B,last,15019,CMA
614732,BBB,2014B,last,15019,CMA
614039,BBB,2014B,last,15019,CMA
614117,BBB,2014B,last,15019,CMA
614130,BBB,2014B,last,15019,CMA
612370,BBB,2014B,last,15019,CMA
569970,BBB,2014B,last,15019,CMA
564906,BBB,2014B,last,15019,CMA
564409,BBB,2014B,last,15019,CMA
614601,BBB,2014B,last,15019,CMA
614629,BBB,2014B,last,15019,CMA
614668,BBB,2014B,last,15019,CMA
417684,BBB,2014B,last,15019,CMA
420663,BBB,2014B,last,15019,CMA
429099,BBB,2014B,last,15019,CMA
429417,BBB,2014B,last,15019,CMA
570031,BBB,2014B,last,15019,CMA
569225,BBB,2014B,last,15019,CMA
563987,BBB,2014B,last,15019,CMA
569864,BBB,2014B,last,15019,CMA
569761,BBB,2014B,last,15019,CMA
408581,BBB,2014B,last,15019,CMA
611348,BBB,2014B,last,15019,CMA
610759,BBB,2014B,last,15019,CMA
610416,BBB,2014B,last,15019,CMA
609426,BBB,2014B,last,15019,CMA
423652,BBB,2014B,last,15019,CMA
424014,BBB,2014B,last,15019,CMA
571540,BBB,2014B,last,15019,CMA
571954,BBB,2014B,last,15019,CMA
567889,BBB,2014B,last,15019,CMA
567963,BBB,2014B,last,15019,CMA
568559,BBB,2014B,last,15019,CMA
569663,BBB,2014B,last,15019,CMA
569664,BBB,2014B,last,15019,CMA
573496,BBB,2014B,last,15019,CMA
574569,BBB,2014B,last,15019,CMA
573851,BBB,2014B,last,15019,CMA
573853,BBB,2014B,last,15019,CMA
571880,BBB,2014B,last,15019,CMA
570437,BBB,2014B,last,15019,CMA
570627,BBB,2014B,last,15019,CMA
572290,BBB,2014B,last,15019,CMA
446755,BBB,2014B,last,15019,CMA
577527,BBB,2014B,last,15019,CMA
577676,BBB,2014B,last,15019,CMA
576738,BBB,2014B,last,15019,CMA
573323,BBB,2014B,last,15019,CMA
573806,BBB,2014B,last,15019,CMA
608164,BBB,2014B,last,15019,CMA
608407,BBB,2014B,last,15019,CMA
607220,BBB,2014B,last,15019,CMA
439710,BBB,2014B,last,15019,CMA
437171,BBB,2014B,last,15019,CMA
437565,BBB,2014B,last,15019,CMA
446650,BBB,2014B,last,15019,CMA
575602,BBB,2014B,last,15019,CMA
580688,BBB,2014B,last,15019,CMA
576375,BBB,2014B,last,15019,CMA
575680,BBB,2014B,last,15019,CMA
607529,BBB,2014B,last,15019,CMA
608104,BBB,2014B,last,15019,CMA
585150,BBB,2014B,last,15019,CMA
581222,BBB,2014B,last,15019,CMA
581353,BBB,2014B,last,15019,CMA
583102,BBB,2014B,last,15019,CMA
579720,BBB,2014B,last,15019,CMA
578574,BBB,2014B,last,15019,CMA
579537,BBB,2014B,last,15019,CMA
532617,BBB,2014B,last,15019,CMA
529438,BBB,2014B,last,15019,CMA
533210,BBB,2014B,last,15019,CMA
531755,BBB,2014B,last,15019,CMA
583950,BBB,2014B,last,15019,CMA
533527,BBB,2014B,last,15019,CMA
585048,BBB,2014B,last,15019,CMA
585547,BBB,2014B,last,15019,CMA
467303,BBB,2014B,last,15019,CMA
467580,BBB,2014B,last,15019,CMA
469177,BBB,2014B,last,15019,CMA
470113,BBB,2014B,last,15019,CMA
470693,BBB,2014B,last,15019,CMA
445415,BBB,2014B,last,15019,CMA
445494,BBB,2014B,last,15019,CMA
447265,BBB,2014B,last,15019,CMA
465369,BBB,2014B,last,15019,CMA
606634,BBB,2014B,last,15019,CMA
606690,BBB,2014B,last,15019,CMA
606313,BBB,2014B,last,15019,CMA
466856,BBB,2014B,last,15019,CMA
588484,BBB,2014B,last,15019,CMA
587524,BBB,2014B,last,15019,CMA
605693,BBB,2014B,last,15019,CMA
605996,BBB,2014B,last,15019,CMA
606069,BBB,2014B,last,15019,CMA
604962,BBB,2014B,last,15019,CMA
605672,BBB,2014B,last,15019,CMA
483468,BBB,2014B,last,15019,CMA
483485,BBB,2014B,last,15019,CMA
586712,BBB,2014B,last,15019,CMA
586995,BBB,2014B,last,15019,CMA
587780,BBB,2014B,last,15019,CMA
588039,BBB,2014B,last,15019,CMA
588302,BBB,2014B,last,15019,CMA
603112,BBB,2014B,last,15019,CMA
471925,BBB,2014B,last,15019,CMA
478242,BBB,2014B,last,15019,CMA
479738,BBB,2014B,last,15019,CMA
604106,BBB,2014B,last,15019,CMA
483031,BBB,2014B,last,15019,CMA
481150,BBB,2014B,last,15019,CMA
477779,BBB,2014B,last,15019,CMA
1341507,BBB,2014B,last,15019,CMA
1393589,BBB,2014B,last,15019,CMA
524290,BBB,2014B,last,15019,CMA
526285,BBB,2014B,last,15019,CMA
523247,BBB,2014B,last,15019,CMA
589444,BBB,2014B,last,15019,CMA
589997,BBB,2014B,last,15019,CMA
589862,BBB,2014B,last,15019,CMA
590408,BBB,2014B,last,15019,CMA
603762,BBB,2014B,last,15019,CMA
594061,BBB,2014B,last,15019,CMA
594417,BBB,2014B,last,15019,CMA
517679,BBB,2014B,last,15019,CMA
519078,BBB,2014B,last,15019,CMA
522087,BBB,2014B,last,15019,CMA
519859,BBB,2014B,last,15019,CMA
592725,BBB,2014B,last,15019,CMA
592193,BBB,2014B,last,15019,CMA
601356,BBB,2014B,last,15019,CMA
601616,BBB,2014B,last,15019,CMA
601010,BBB,2014B,last,15019,CMA
601238,BBB,2014B,last,15019,CMA
492928,BBB,2014B,last,15019,CMA
516601,BBB,2014B,last,15019,CMA
595047,BBB,2014B,last,15019,CMA
485980,BBB,2014B,last,15019,CMA
485180,BBB,2014B,last,15019,CMA
485262,BBB,2014B,last,15019,CMA
485675,BBB,2014B,last,15019,CMA
490391,BBB,2014B,last,15019,CMA
601862,BBB,2014B,last,15019,CMA
602011,BBB,2014B,last,15019,CMA
1127413,BBB,2014B,last,15019,CMA
1332999,BBB,2014B,last,15019,CMA
536805,BBB,2014B,last,15019,CMA
377469,BBB,2014B,last,15019,CMA
380184,BBB,2014B,last,15019,CMA
380204,BBB,2014B,last,15019,CMA
381533,BBB,2014B,last,15019,CMA
1786380,BBB,2014B,last,15019,CMA
1624443,BBB,2014B,last,15019,CMA
1625718,BBB,2014B,last,15019,CMA
358956,BBB,2014B,last,15019,CMA
359438,BBB,2014B,last,15019,CMA
1829654,BBB,2014B,last,15019,CMA
1502193,BBB,2014B,last,15019,CMA
1525567,BBB,2014B,last,15019,CMA
1540042,BBB,2014B,last,15019,CMA
354984,BBB,2014B,last,15019,CMA
355147,BBB,2014B,last,15019,CMA
1719114,BBB,2014B,last,15019,CMA
1732219,BBB,2014B,last,15019,CMA
1759851,BBB,2014B,last,15019,CMA
560536,BBB,2014B,last,15019,CMA
537077,BBB,2014B,last,15019,CMA
537171,BBB,2014B,last,15019,CMA
537373,BBB,2014B,last,15019,CMA
561060,BBB,2014B,last,15019,CMA
561061,BBB,2014B,last,15019,CMA
559831,BBB,2014B,last,15019,CMA
1626021,BBB,2014B,last,15019,CMA
535077,BBB,2014B,last,15019,CMA
559381,BBB,2014B,last,15019,CMA
536629,BBB,2014B,last,15019,CMA
559861,BBB,2014B,last,15019,CMA
560238,BBB,2014B,last,15019,CMA
2082318,BBB,2014B,last,15019,CMA
2087747,BBB,2014B,last,15019,CMA
2002415,BBB,2014B,last,15019,CMA
2022801,BBB,2014B,last,15019,CMA
1932474,BBB,2014B,last,15019,CMA
1955634,BBB,2014B,last,15019,CMA
334023,BBB,2014B,last,15019,CMA
334565,BBB,2014B,last,15019,CMA
541769,BBB,2014B,last,15019,CMA
1957682,BBB,2014B,last,15019,CMA
324907,BBB,2014B,last,15019,CMA
325080,BBB,2014B,last,15019,CMA
327003,BBB,2014B,last,15019,CMA
327641,BBB,2014B,last,15019,CMA
2080885,BBB,2014B,last,15019,CMA
2081955,BBB,2014B,last,15019,CMA
537698,BBB,2014B,last,15019,CMA
558921,BBB,2014B,last,15019,CMA
558084,BBB,2014B,last,15019,CMA
556877,BBB,2014B,last,15019,CMA
542466,BBB,2014B,last,15019,CMA
558595,BBB,2014B,last,15019,CMA
545254,BBB,2014B,last,15019,CMA
1840034,BBB,2014B,last,15019,CMA
1877634,BBB,2014B,last,15019,CMA
374747,BBB,2014B,last,15019,CMA
367535,BBB,2014B,last,15019,CMA
369715,BBB,2014B,last,15019,CMA
539894,BBB,2014B,last,15019,CMA
540558,BBB,2014B,last,15019,CMA
311889,BBB,2014B,last,15019,CMA
313246,BBB,2014B,last,15019,CMA
2308564,BBB,2014B,last,15019,CMA
2334930,BBB,2014B,last,15019,CMA
2340165,BBB,2014B,last,15019,CMA
2343413,BBB,2014B,last,15019,CMA
320363,BBB,2014B,last,15019,CMA
321121,BBB,2014B,last,15019,CMA
2291760,BBB,2014B,last,15019,CMA
2308026,BBB,2014B,last,15019,CMA
2213424,BBB,2014B,last,15019,CMA
2221869,BBB,2014B,last,15019,CMA
2243703,BBB,2014B,last,15019,CMA
2248122,BBB,2014B,last,15019,CMA
2181205,BBB,2014B,last,15019,CMA
311599,BBB,2014B,last,15019,CMA
339381,BBB,2014B,last,15019,CMA
291844,BBB,2014B,last,15019,CMA
293992,BBB,2014B,last,15019,CMA
296232,BBB,2014B,last,15019,CMA
289108,BBB,2014B,last,15019,CMA
290914,BBB,2014B,last,15019,CMA
282713,BBB,2014B,last,15019,CMA
283564,BBB,2014B,last,15019,CMA
334981,BBB,2014B,last,15019,CMA
2104426,BBB,2014B,last,15019,CMA
2108614,BBB,2014B,last,15019,CMA
2148859,BBB,2014B,last,15019,CMA
2164251,BBB,2014B,last,15019,CMA
355643,BBB,2014B,last,15019,CMA
340831,BBB,2014B,last,15019,CMA
336356,BBB,2014B,last,15019,CMA
508400,BBB,2014B,last,15019,CMA
508470,BBB,2014B,last,15019,CMA
508940,BBB,2014B,last,15019,CMA
504352,BBB,2014B,last,15019,CMA
509696,BBB,2014B,last,15019,CMA
506622,BBB,2014B,last,15019,CMA
513077,BBB,2014B,last,15019,CMA
511506,BBB,2014B,last,15019,CMA
599495,BBB,2014B,last,15019,CMA
598624,BBB,2014B,last,15019,CMA
501095,BBB,2014B,last,15019,CMA
598614,BBB,2014B,last,15019,CMA
597316,BBB,2014B,last,15019,CMA
597730,BBB,2014B,last,15019,CMA
596171,BBB,2014B,last,15019,CMA
508100,BBB,2014B,last,15019,CMA
2590564,BBB,2014B,last,15019,CMA
598694,BBB,2014B,last,15019,CMA
598918,BBB,2014B,last,15019,CMA
599990,BBB,2014B,last,15019,CMA
599132,BBB,2014B,last,15019,CMA
599202,BBB,2014B,last,15019,CMA
2643007,BBB,2014B,last,15019,CMA
2652209,BBB,2014B,last,15019,CMA
2659042,BBB,2014B,last,15019,CMA
2636696,BBB,2014B,last,15019,CMA
2641657,BBB,2014B,last,15019,CMA
2597543,BBB,2014B,last,15019,CMA
2514044,BBB,2014B,last,15019,CMA
2513954,BBB,2014B,last,15019,CMA
545146,BBB,2014B,last,15019,CMA
545196,BBB,2014B,last,15019,CMA
555994,BBB,2014B,last,15019,CMA
555015,BBB,2014B,last,15019,CMA
554969,BBB,2014B,last,15019,CMA
550269,BBB,2014B,last,15019,CMA
549190,BBB,2014B,last,15019,CMA
549078,BBB,2014B,last,15019,CMA
548445,BBB,2014B,last,15019,CMA
551252,BBB,2014B,last,15019,CMA
551515,BBB,2014B,last,15019,CMA
2502127,BBB,2014B,last,15019,CMA
